Año de registro,Código de departamento,nacidos vivos,Habitantes,Defunciones totales,Defunciones de menores de 1 año,d_0_neonat,d_0_posnat,Defunciones de 1 a 4 años,Defunciones de 5 a 14 años,Defunciones de 15 a 64 años,Defunciones de 15 a 24 años,Defunciones de 25 a 34 años,Defunciones de 35 a 44 años,Defunciones de 45 a 54 años,Defunciones de 55 a 64 años,Defunciones de 65 años y más,Defunciones de 65 a 74 años,Defunciones de 75 años y más,Defunciones maternas,Código de provincia,Nombre de provincia,Código de departamentos/comuna,Nombre de departamentos/comuna,Población total,Total de hogares,Latitud del centroide,Longitud del centroide,Superficie en km2
2021,06007,157,17507,249,2,2,0,0,2,58,1,4,7,12,34,179,39,140,0,06,Buenos Aires,06007,Adolfo Alsina,17072,6237,-37.19715,-63.055734,5881.6016818426
2021,06014,136,11899,140,0,0,0,0,0,26,3,1,4,6,12,108,23,85,0,06,Buenos Aires,06014,Adolfo Gonzales Chaves,12047,4199,-37.964953,-60.248503,3787.3253021622
2021,06021,126,11018,137,1,0,1,0,0,20,1,1,4,3,11,115,24,91,0,06,Buenos Aires,06021,Alberti,10654,3828,-35.037399,-60.281935,1120.8296510606
2021,06028,6119,601618,5576,51,39,12,10,14,1657,61,91,196,429,880,3815,1350,2465,5,06,Buenos Aires,06028,Almirante Brown,552902,156918,-34.835652,-58.367491,129.09955004521
2021,06035,3915,357440,4533,32,23,9,5,6,1066,37,62,126,285,556,3407,1035,2372,2,06,Buenos Aires,06035,Avellaneda,342677,113142,-34.677494,-58.341212,57.205727694956
2021,06042,217,21364,264,1,1,0,0,0,52,2,3,6,15,26,211,45,166,0,06,Buenos Aires,06042,Ayacucho,20337,6967,-37.035506,-58.442178,6752.832617
2021,06049,639,67835,842,7,5,2,0,1,167,3,14,21,45,84,662,188,474,0,06,Buenos Aires,06049,Azul,65280,22020,-36.786351,-59.696285,6531.6422961007
2021,06056,3427,310639,3708,24,18,6,5,5,796,26,42,97,204,427,2867,702,2165,2,06,Buenos Aires,06056,Bahía Blanca,301572,105342,-38.584442,-62.169171,2282.9893890351
2021,06063,546,45829,545,9,7,2,0,4,114,0,5,7,27,75,418,104,314,1,06,Buenos Aires,06063,Balcarce,43823,14720,-37.71478,-58.271428,4124.2871550325
2021,06070,444,36649,437,4,3,1,0,2,111,5,10,16,26,54,320,85,235,0,06,Buenos Aires,06070,Baradero,32761,10416,-33.933493,-59.492828,1522.1592925498
2021,06077,411,31520,367,4,4,0,2,0,86,2,7,10,22,45,274,75,199,0,06,Buenos Aires,06077,Arrecifes,29044,9546,-34.011969,-60.062255,1241.310341
2021,06084,210,20542,247,3,2,1,0,1,52,0,2,11,8,31,191,36,155,0,06,Buenos Aires,06084,Benito Juárez,20239,6786,-37.586587,-59.887536,5350.3389029415
2021,06091,3397,369294,3355,34,22,12,5,11,933,39,59,121,239,475,2343,833,1510,1,06,Buenos Aires,06091,Berazategui,324244,93164,-34.817957,-58.1552,220.22247885529
2021,06098,992,97406,1080,11,9,2,2,1,321,12,16,56,81,156,744,250,494,1,06,Buenos Aires,06098,Berisso,88470,27449,-34.909179,-57.828346,145.46195609836
2021,06105,349,36108,572,2,2,0,0,0,107,2,10,11,29,55,463,108,355,0,06,Buenos Aires,06105,Bolívar,34190,12002,-36.298984,-61.149142,4932.4518586748
2021,06112,403,42184,621,3,3,0,3,0,129,2,9,20,25,73,484,121,363,2,06,Buenos Aires,06112,Bragado,41336,14291,-35.061673,-60.603935,2199.2662552269
2021,06119,312,31442,293,0,0,0,0,1,73,2,8,10,18,35,219,57,162,0,06,Buenos Aires,06119,Brandsen,26367,8324,-35.222502,-58.175607,1119.206656
2021,06126,1366,106522,971,18,12,6,3,6,277,19,25,30,81,122,663,228,435,0,06,Buenos Aires,06126,Campana,94461,28111,-34.138037,-58.882509,989.48596400721
2021,06134,811,63923,528,7,6,1,3,5,185,12,13,22,50,88,321,117,204,0,06,Buenos Aires,06134,Cañuelas,51892,15312,-35.14544,-58.69045,1185.4820002929
2021,06140,194,16553,189,1,0,1,0,0,45,0,3,7,8,27,143,31,112,0,06,Buenos Aires,06140,Capitán Sarmiento,14494,4672,-34.150076,-59.854115,548.25864428049
2021,06147,252,23824,303,3,3,0,1,1,61,0,6,1,20,34,234,55,179,1,06,Buenos Aires,06147,Carlos Casares,22237,7775,-35.749876,-61.373289,2522.3602120298
2021,06154,119,11669,168,1,0,1,0,1,25,2,1,6,8,8,141,38,103,0,06,Buenos Aires,06154,Carlos Tejedor,11570,3976,-35.380143,-62.428925,3913.6989425506
2021,06161,189,15629,171,2,2,0,0,0,50,1,1,9,14,25,119,41,78,1,06,Buenos Aires,06161,Carmen de Areco,14692,4631,-34.407109,-59.883614,1061.9302621349
2021,06168,91,8708,91,0,0,0,0,0,20,0,0,2,5,13,71,20,51,0,06,Buenos Aires,06168,Castelli,8205,2721,-36.042066,-57.656424,2110.6650547708
2021,06175,289,27264,328,2,2,0,0,0,80,4,4,9,19,44,245,70,175,0,06,Buenos Aires,06175,Colón,24890,8191,-33.88634,-61.061845,994.58489649639
2021,06182,474,63581,661,3,1,2,3,0,125,4,4,10,34,73,528,153,375,0,06,Buenos Aires,06182,Coronel de Marina Leonardo Rosales,62152,19424,-38.848345,-61.835418,1283.767066
2021,06189,199,15141,215,1,1,0,0,0,36,1,3,4,7,21,178,34,144,0,06,Buenos Aires,06189,Coronel Dorrego,15825,5689,-38.671343,-61.094459,5861.4840468022
2021,06196,218,22089,299,2,2,0,1,0,66,3,4,3,21,35,229,51,178,0,06,Buenos Aires,06196,Coronel Pringles,22933,8097,-38.147693,-61.26406,5258.1681148911
2021,06203,394,40474,555,0,0,0,1,1,112,3,4,16,24,65,439,105,334,0,06,Buenos Aires,06203,Coronel Suárez,38320,13451,-37.535378,-61.88908,5990.2133678829
2021,06210,556,52971,697,5,4,1,3,1,134,3,7,21,33,70,551,115,436,1,06,Buenos Aires,06210,Chacabuco,48703,16496,-34.61865,-60.353949,2293.3309303181
2021,06224,690,68758,922,3,3,0,1,0,178,15,5,19,42,97,737,181,556,0,06,Buenos Aires,06224,Chivilcoy,64185,22083,-34.915668,-59.958061,2058.3909621848
2021,06231,214,18314,215,2,1,1,0,0,53,4,6,6,10,27,160,55,105,0,06,Buenos Aires,06231,Daireaux,16889,5479,-36.64119,-61.890258,3821.2715601532
2021,06238,333,28849,348,2,1,1,0,1,82,5,7,9,19,42,263,75,188,0,06,Buenos Aires,06238,Dolores,27042,9004,-36.399327,-57.631587,1973.4488260841
2021,06245,740,62214,721,7,6,1,5,0,216,4,12,38,45,117,493,179,314,0,06,Buenos Aires,06245,Ensenada,56729,17443,-34.842273,-57.979058,113.19901850581
2021,06252,3168,258805,2074,25,14,11,3,15,663,28,65,88,171,311,1350,572,778,2,06,Buenos Aires,06252,Escobar,213619,59981,-34.329277,-58.771052,302.01308043809
2021,06260,4348,377237,2696,23,16,7,2,12,896,28,60,128,241,439,1744,614,1130,2,06,Buenos Aires,06260,Esteban Echeverría,300959,85952,-34.831195,-58.476972,121.44739021046
2021,06266,453,37161,354,4,3,1,1,2,103,1,5,18,29,50,243,76,167,0,06,Buenos Aires,06266,Exaltación de la Cruz,29805,9101,-34.295544,-59.155428,635.01204915084
2021,06270,2443,224228,1325,24,19,5,3,7,493,19,29,70,147,228,789,314,475,1,06,Buenos Aires,06270,Ezeiza,163722,44487,-34.875807,-58.564842,237.15767074411
2021,06274,6552,525270,3631,64,48,16,9,17,1299,41,115,161,344,638,2230,873,1357,5,06,Buenos Aires,06274,Florencio Varela,426005,113135,-34.877472,-58.258667,189.80081065599
2021,06277,100,9711,110,0,0,0,0,0,22,1,0,3,8,10,88,24,64,0,06,Buenos Aires,06277,Florentino Ameghino,8869,2986,-34.874298,-62.401179,1810.6102085809
2021,06280,486,44546,429,4,3,1,0,0,87,5,9,9,18,46,337,112,225,0,06,Buenos Aires,06280,General Alvarado,39594,12732,-38.203429,-58.07129,1634.8973988228
2021,06287,90,11503,113,0,0,0,0,0,23,1,1,3,9,9,87,19,68,1,06,Buenos Aires,06287,General Alvear,11130,3308,-36.035101,-60.132639,3371.8503271315
2021,06294,165,15062,240,1,0,1,0,0,42,2,1,4,11,24,196,55,141,0,06,Buenos Aires,06294,General Arenales,14903,5327,-34.238495,-61.28224,1482.256375
2021,06301,239,19461,189,3,2,1,0,2,40,2,3,5,15,15,144,49,95,0,06,Buenos Aires,06301,General Belgrano,17365,6008,-35.834252,-58.698506,1860.6470024459
2021,06308,33,2897,22,0,0,0,0,0,4,2,1,0,1,0,18,6,12,0,06,Buenos Aires,06308,General Guido,2816,1005,-36.666536,-57.995185,2326.6411287738
2021,06315,212,21755,246,1,1,0,1,0,49,1,3,7,13,25,195,38,157,0,06,Buenos Aires,06315,General Juan Madariaga,19747,6332,-37.154344,-57.230196,2986.5515395631
2021,06322,117,10619,112,0,0,0,0,0,24,0,2,2,6,14,88,24,64,0,06,Buenos Aires,06322,General La Madrid,10783,3777,-37.356,-61.343374,4813.2879048914
2021,06329,140,17639,140,0,0,0,0,0,30,2,3,5,4,16,110,36,74,0,06,Buenos Aires,06329,General Las Heras,14889,4641,-34.910361,-58.995464,746.62756202058
2021,06336,49,4528,35,0,0,0,0,1,9,1,0,0,1,7,24,6,18,0,06,Buenos Aires,06336,General Lavalle,3700,1176,-36.649391,-56.940515,2720.2511074476
2021,06343,136,11806,148,2,1,1,0,0,45,2,4,4,9,26,100,24,76,0,06,Buenos Aires,06343,General Paz,11202,3782,-35.466547,-58.389385,1198.4808281476
2021,06351,149,11521,163,1,1,0,1,0,47,2,4,8,8,25,114,29,85,1,06,Buenos Aires,06351,General Pinto,11261,3888,-34.670214,-62.039347,2542.0563627075
2021,06357,7096,659462,8516,36,25,11,5,13,1800,71,125,213,413,978,6621,1754,4867,3,06,Buenos Aires,06357,General Pueyrredón,618989,209794,-37.965992,-57.742474,1460.5115444942
2021,06364,2108,111759,931,11,10,1,0,3,323,21,25,48,84,145,582,230,352,2,06,Buenos Aires,06364,General Rodríguez,87185,24926,-34.65136,-58.987926,367.35938562741
2021,06371,4143,425911,5353,22,15,7,10,13,1338,41,75,172,350,700,3953,1178,2775,1,06,Buenos Aires,06371,General San Martín,414196,133202,-34.552766,-58.56418,56.294059239138
2021,06385,166,18807,255,1,1,0,0,0,41,4,4,5,6,22,213,49,164,0,06,Buenos Aires,06385,General Viamonte,18078,6286,-34.997999,-61.04946,2144.3428390274
2021,06392,374,33501,417,0,0,0,0,0,119,4,7,11,31,66,298,91,207,2,06,Buenos Aires,06392,General Villegas,30864,10342,-34.7706,-62.954968,7254.5043923968
2021,06399,77,12646,155,0,0,0,0,2,32,2,4,6,3,17,120,23,97,0,06,Buenos Aires,06399,Guaminí,11826,4224,-36.891231,-62.417611,4829.5991819626
2021,06406,100,10318,114,0,0,0,0,0,18,3,0,3,3,9,96,30,66,0,06,Buenos Aires,06406,Hipólito Yrigoyen,9585,3295,-36.259607,-61.659247,1645.9695631747
2021,06408,1435,194597,2124,9,6,3,3,5,535,10,33,61,156,275,1561,512,1049,1,06,Buenos Aires,06408,Hurlingham,181241,55122,-34.599484,-58.649294,34.881662707889
2021,06410,1357,182011,1872,9,5,4,4,7,460,18,23,64,129,226,1379,395,984,0,06,Buenos Aires,06410,Ituzaingó,167824,51444,-34.636033,-58.688757,38.068221146755
2021,06412,4479,311187,2624,36,22,14,6,6,880,52,79,135,255,359,1676,675,1001,6,06,Buenos Aires,06412,José C. Paz,265981,71722,-34.511836,-58.777725,50.164542067385
2021,06413,1070,93440,1341,5,4,1,1,6,260,8,18,23,60,151,1066,276,790,2,06,Buenos Aires,06413,Junín,90305,30315,-34.546723,-61.004873,2249.5235870666
2021,06420,944,79341,862,6,4,2,0,3,206,10,14,21,45,116,621,232,389,0,06,Buenos Aires,06420,La Costa,69633,23949,-36.714707,-56.713692,241.67070160646
2021,06427,18407,2327874,14557,158,102,56,23,48,4203,192,292,527,1144,2048,10063,3424,6639,16,06,Buenos Aires,06427,La Matanza,1775816,484909,-34.770346,-58.625586,328.02695379546
2021,06434,4093,462760,6097,34,20,14,6,10,1329,44,64,140,339,742,4698,1347,3351,1,06,Buenos Aires,06434,Lanús,459263,149594,-34.705502,-58.394801,50.383662362679
2021,06441,9349,719013,7717,70,52,18,13,22,1808,92,118,221,457,920,5795,1633,4162,1,06,Buenos Aires,06441,La Plata,654324,221313,-35.003993,-58.017741,895.19023611614
2021,06448,126,10962,107,0,0,0,0,0,29,1,1,7,7,13,78,15,63,0,06,Buenos Aires,06448,Laprida,10210,3472,-37.515857,-60.767356,3450.6436524251
2021,06455,295,24410,323,0,0,0,0,0,60,0,7,5,12,36,263,74,189,0,06,Buenos Aires,06455,Las Flores,23871,8213,-36.016148,-59.176421,3343.3951410624
2021,06462,180,17489,220,2,1,1,1,0,47,2,4,6,10,25,170,40,130,0,06,Buenos Aires,06462,Leandro N. Alem,16799,5783,-34.498611,-61.612357,1603.806524
2021,06469,540,42323,570,3,1,2,0,2,89,4,6,10,19,50,471,73,398,0,06,Buenos Aires,06469,Lincoln,41808,14528,-35.070821,-61.682104,5782.5769330031
2021,06476,165,18338,218,1,1,0,0,0,42,0,1,7,12,22,174,33,141,0,06,Buenos Aires,06476,Lobería,17523,5902,-38.090528,-58.693059,4722.6866998298
2021,06483,402,40225,424,3,3,0,1,1,92,6,7,4,32,43,324,71,253,0,06,Buenos Aires,06483,Lobos,36172,11749,-35.219814,-59.145392,1726.79974
2021,06490,8201,650678,7252,79,49,30,10,12,1940,64,123,208,530,1015,5166,1641,3525,7,06,Buenos Aires,06490,Lomas de Zamora,616279,188844,-34.754913,-58.424014,88.726391627668
2021,06497,1299,120998,1291,10,8,2,3,7,349,15,21,37,92,184,914,258,656,0,06,Buenos Aires,06497,Luján,106273,32524,-34.568201,-59.15858,769.082231
2021,06505,198,20729,201,3,3,0,0,1,52,2,5,8,15,22,142,36,106,0,06,Buenos Aires,06505,Magdalena,19301,5358,-35.185279,-57.685585,1845.6497424196
2021,06511,115,10402,161,1,1,0,0,0,33,3,2,2,10,16,126,39,87,0,06,Buenos Aires,06511,Maipú,10188,3447,-36.887105,-57.585775,2601.0021727225
2021,06515,3878,363263,3276,31,17,14,4,16,1031,42,61,147,284,497,2181,846,1335,3,06,Buenos Aires,06515,Malvinas Argentinas,322375,89338,-34.487385,-58.711965,63.00987767
2021,06518,271,25712,203,1,1,0,0,0,54,3,6,7,18,20,146,44,102,0,06,Buenos Aires,06518,Mar Chiquita,21279,7115,-37.499142,-57.642352,3097.0863544841
2021,06525,804,67586,421,5,4,1,1,3,156,11,13,24,28,80,256,96,160,1,06,Buenos Aires,06525,Marcos Paz,54181,14656,-34.81493,-58.848107,425.87547149713
2021,06532,831,68165,790,5,2,3,1,0,191,5,18,22,48,98,589,167,422,1,06,Buenos Aires,06532,Mercedes,63284,20214,-34.697499,-59.420141,1049.1315987607
2021,06539,6438,613509,5463,56,34,22,7,13,1688,74,113,219,468,814,3663,1369,2294,5,06,Buenos Aires,06539,Merlo,528494,147716,-34.710829,-58.742295,174.5608839
2021,06547,251,24198,215,4,2,2,1,1,40,1,1,6,12,20,169,51,118,0,06,Buenos Aires,06547,Monte,21034,6587,-35.509871,-58.766675,1870.7250720898
2021,06553,88,7468,53,0,0,0,0,0,16,1,0,3,5,7,37,15,22,0,06,Buenos Aires,06553,Monte Hermoso,6499,2331,-38.963793,-61.287412,204.24386811279
2021,06560,6553,549930,3882,58,51,7,6,13,1269,63,73,181,348,604,2523,1019,1504,3,06,Buenos Aires,06560,Moreno,452505,124016,-34.610528,-58.810798,185.49995761462
2021,06568,3188,318104,4219,27,16,11,2,9,897,30,50,101,223,493,3257,884,2373,0,06,Buenos Aires,06568,Morón,321109,106902,-34.649185,-58.619857,55.305917512864
2021,06574,194,18301,163,2,2,0,0,0,35,1,1,4,11,18,125,33,92,0,06,Buenos Aires,06574,Navarro,17054,5321,-35.030805,-59.42936,1618.5347512124
2021,06581,987,96204,1241,7,5,2,0,2,229,4,12,34,48,131,1002,259,743,1,06,Buenos Aires,06581,Necochea,92933,31425,-38.25666,-59.166238,4562.900411
2021,06588,445,48838,678,3,2,1,0,0,136,5,10,8,26,87,534,128,406,2,06,Buenos Aires,06588,9 de Julio,47722,16308,-35.481812,-60.974405,4287.2219783791
2021,06595,1104,120858,1340,11,6,5,1,2,274,8,21,35,68,142,1046,252,794,0,06,Buenos Aires,06595,Olavarría,111708,36865,-36.857247,-60.669698,7654.5416053627
2021,06602,363,32146,351,1,1,0,0,0,108,7,2,17,36,46,241,70,171,0,06,Buenos Aires,06602,Patagones,30207,10183,-40.197774,-62.843265,13653.572563443
2021,06609,466,41564,566,3,1,2,0,0,123,6,9,12,33,63,440,88,352,0,06,Buenos Aires,06609,Pehuajó,39776,13805,-35.883888,-61.926376,4523.9446099917
2021,06616,74,6072,58,1,1,0,0,0,14,0,1,2,4,7,43,17,26,0,06,Buenos Aires,06616,Pellegrini,5887,2100,-36.27102,-63.225769,1828.9495472536
2021,06623,1205,110435,1474,4,4,0,4,3,315,12,16,24,75,188,1143,298,845,0,06,Buenos Aires,06623,Pergamino,104590,34768,-33.836364,-60.54437,3006.0201594553
2021,06630,50,3994,30,0,0,0,0,0,6,0,0,2,0,4,24,9,15,0,06,Buenos Aires,06630,Pila,3640,1215,-36.202951,-58.340086,3454.8904864753
2021,06638,5716,385426,2615,48,28,20,16,10,953,58,60,127,266,442,1564,647,917,5,06,Buenos Aires,06638,Pilar,299077,82671,-34.448872,-58.904048,385.58826058566
2021,06644,390,32119,224,3,2,1,0,2,51,2,3,8,16,22,168,55,113,0,06,Buenos Aires,06644,Pinamar,25728,8205,-37.11047,-56.86888,65.050378099366
2021,06648,1640,108203,762,17,13,4,2,5,278,17,18,45,76,122,460,223,237,4,06,Buenos Aires,06648,Presidente Perón,81141,21422,-34.929786,-58.398061,120.53282824566
2021,06651,118,14972,224,0,0,0,0,0,36,2,0,2,12,20,187,42,145,0,06,Buenos Aires,06651,Puán,15743,6328,-38.076131,-63.057075,6370.8025908299
2021,06655,113,10635,119,1,1,0,0,0,26,3,1,4,8,10,92,22,70,0,06,Buenos Aires,06655,Punta Indio,9888,3413,-35.426923,-57.39859,1612.611169
2021,06658,7701,672199,7229,69,47,22,11,18,1921,87,123,238,519,954,5156,1649,3507,7,06,Buenos Aires,06658,Quilmes,582943,177110,-34.734969,-58.276652,91.951262960272
2021,06665,402,38180,381,6,5,1,1,1,112,4,6,14,23,65,259,78,181,1,06,Buenos Aires,06665,Ramallo,33042,10201,-33.586486,-60.057531,1053.9982178815
2021,06672,151,16246,195,5,3,2,0,0,38,0,2,5,9,22,150,47,103,0,06,Buenos Aires,06672,Rauch,15176,5325,-36.57266,-58.943807,4312.7588553026
2021,06679,215,17184,173,0,0,0,0,0,48,2,4,5,11,26,125,30,95,0,06,Buenos Aires,06679,Rivadavia,17143,5483,-35.581502,-63.094842,3968.0611161322
2021,06686,222,24401,325,1,0,1,0,1,67,1,6,5,20,35,254,56,198,0,06,Buenos Aires,06686,Rojas,23432,8010,-34.193242,-60.787313,2059.7195873827
2021,06693,147,13998,147,0,0,0,1,0,30,0,0,3,5,22,116,33,83,0,06,Buenos Aires,06693,Roque Pérez,12513,4295,-35.481658,-59.357506,1554.433543
2021,06700,191,22037,301,1,0,1,1,2,52,4,3,5,12,28,244,55,189,0,06,Buenos Aires,06700,Saavedra,20749,7315,-37.771644,-62.433776,3539.186044
2021,06707,391,35533,430,7,5,2,3,0,79,2,4,14,17,42,340,81,259,0,06,Buenos Aires,06707,Saladillo,32103,10768,-35.676693,-59.702474,2710.9848008263
2021,06714,424,37179,432,4,3,1,0,1,92,4,5,5,18,60,330,89,241,0,06,Buenos Aires,06714,Salto,32653,10689,-34.271457,-60.30456,1612.3810966139
2021,06721,85,8819,108,1,1,0,1,0,18,2,0,1,4,11,88,22,66,0,06,Buenos Aires,06721,Salliqueló,8644,3162,-36.672426,-63.046788,797.32118866949
2021,06728,267,25981,275,2,2,0,0,0,68,8,3,9,15,33,204,68,136,0,06,Buenos Aires,06728,San Andrés de Giles,23027,7284,-34.438048,-59.472587,1127.7082238301
2021,06735,275,25431,311,2,1,1,0,1,73,4,6,6,20,37,234,64,170,0,06,Buenos Aires,06735,San Antonio de Areco,23138,7191,-34.221179,-59.51898,863.39524279224
2021,06742,94,8827,106,1,0,1,0,0,21,1,2,1,6,11,84,15,69,0,06,Buenos Aires,06742,San Cayetano,8399,2961,-38.389566,-59.585854,3005.1567040444
2021,06749,1483,175845,1869,13,10,3,4,6,504,20,33,72,119,260,1329,409,920,2,06,Buenos Aires,06749,San Fernando,163240,49384,-34.151195,-58.545361,998.80496524005
2021,06756,2907,291963,3865,25,19,6,2,6,750,22,36,82,188,422,3045,742,2303,1,06,Buenos Aires,06756,San Isidro,292878,97213,-34.486991,-58.537405,52.244328809925
2021,06760,3730,306469,2930,39,31,8,3,9,882,43,47,99,236,457,1985,705,1280,2,06,Buenos Aires,06760,San Miguel,276190,80627,-34.552374,-58.691486,83.528254723476
2021,06763,1814,156069,1862,16,14,2,3,5,494,17,33,61,116,267,1329,430,899,0,06,Buenos Aires,06763,San Nicolás,145857,45051,-33.485617,-60.293748,674.18647037675
2021,06770,875,64066,753,7,6,1,4,3,213,12,17,32,60,92,525,156,369,0,06,Buenos Aires,06770,San Pedro,59036,18441,-33.78118,-59.781481,1368.2517137694
2021,06778,1225,78791,548,6,2,4,1,1,177,8,16,34,43,76,358,144,214,1,06,Buenos Aires,06778,San Vicente,59478,17116,-35.070668,-58.432201,658.938866
2021,06784,149,11637,117,1,1,0,0,1,27,1,1,7,5,13,87,22,65,0,06,Buenos Aires,06784,Suipacha,10081,3204,-34.749045,-59.702497,942.05609460124
2021,06791,1365,140657,1481,11,7,4,0,6,300,8,21,28,55,188,1161,283,878,0,06,Buenos Aires,06791,Tandil,123871,43155,-37.336251,-59.18186,4853.4004679147
2021,06798,95,10183,95,0,0,0,0,0,22,0,4,1,6,11,72,27,45,0,06,Buenos Aires,06798,Tapalqué,9178,3163,-36.3474,-60.130333,4164.5691174591
2021,06805,4851,470776,3730,38,30,8,5,16,1093,42,81,116,312,542,2548,869,1679,2,06,Buenos Aires,06805,Tigre,376381,108558,-34.381757,-58.598754,396.27784624238
2021,06812,26,1809,20,1,1,0,0,0,5,0,0,1,2,2,14,6,8,0,06,Buenos Aires,06812,Tordillo,1764,558,-36.390747,-57.273398,1333.1568840343
2021,06819,137,14047,158,2,2,0,1,0,28,0,2,1,3,22,127,26,101,0,06,Buenos Aires,06819,Tornquist,12723,4538,-38.25791,-62.290904,4154.789288
2021,06826,592,46954,572,4,1,3,1,1,96,6,7,12,17,54,468,108,360,0,06,Buenos Aires,06826,Trenque Lauquen,43021,14519,-36.057175,-62.633921,5503.1728101215
2021,06833,651,57660,803,3,3,0,0,2,147,7,12,12,34,82,647,137,510,1,06,Buenos Aires,06833,Tres Arroyos,57110,20114,-38.512722,-60.236855,5931.0392479201
2021,06840,2900,344117,4781,16,12,4,6,6,1066,31,61,131,269,574,3654,1043,2611,2,06,Buenos Aires,06840,Tres de Febrero,340071,112588,-34.596119,-58.57907,45.407617727787
2021,06847,81,8872,87,0,0,0,0,1,20,2,1,4,3,10,65,13,52,0,06,Buenos Aires,06847,Tres Lomas,8700,2894,-36.497315,-62.863311,1252.2160603039
2021,06854,445,37156,678,3,2,1,0,0,136,5,10,8,26,87,534,128,406,2,06,Buenos Aires,06854,25 de Mayo,35842,12416,-35.527222,-60.229812,4779.8095133282
2021,06861,2309,267257,3464,5,2,3,2,3,538,13,25,57,129,314,2893,598,2295,0,06,Buenos Aires,06861,Vicente López,269420,99286,-34.52662,-58.504531,34.480947853638
2021,06868,352,38606,366,1,1,0,0,1,112,5,9,16,29,53,250,91,159,1,06,Buenos Aires,06868,Villa Gesell,31730,10374,-37.368842,-57.063203,159.52703217029
2021,06875,367,36790,265,2,2,0,0,1,53,4,7,5,15,22,207,60,147,0,06,Buenos Aires,06875,Villarino,31014,9890,-39.130216,-62.713868,10648.170198302
2021,06882,1487,129309,1381,14,10,4,2,2,400,16,19,48,97,220,963,305,658,1,06,Buenos Aires,06882,Zárate,114269,34013,-33.997341,-59.12765,1185.6261284302
2021,46007,197,18309,86,2,1,1,1,0,23,1,3,2,8,9,60,16,44,0,46,La Rioja,46007,Arauco,15418,4109,-28.548745,-66.72936,2488.866523
2021,46014,2395,226872,1369,25,16,9,4,12,442,34,46,58,105,199,886,305,581,1,46,La Rioja,46014,Capital,180995,48916,-29.457457,-66.370324,13108.083111121
2021,46021,44,4566,35,0,0,0,0,0,5,0,1,0,3,1,30,11,19,0,46,La Rioja,46021,Castro Barros,4268,1328,-28.868427,-66.929626,1308.2276103664
2021,46028,97,9844,66,0,0,0,0,0,12,0,2,2,3,5,54,16,38,0,46,La Rioja,46028,Coronel Felipe Varela,9648,2617,-29.470612,-68.279018,9121.2329147751
2021,46035,154,15775,106,1,0,1,0,0,30,0,3,3,8,16,75,18,57,0,46,La Rioja,46035,Chamical,14160,4058,-30.178583,-65.980325,5347.1241340117
2021,46042,646,60721,328,9,6,3,1,3,84,10,14,12,18,30,231,76,155,0,46,La Rioja,46042,Chilecito,49432,13300,-29.400274,-67.429666,5262.1669929566
2021,46049,72,5641,41,0,0,0,0,0,16,0,1,2,6,7,25,11,14,0,46,La Rioja,46049,Famatina,5863,1711,-28.69363,-67.561378,4250.2101895397
2021,46056,25,3188,22,1,0,1,0,0,5,0,0,1,1,3,16,6,10,0,46,La Rioja,46056,General Angel V. Peñaloza,3073,867,-30.352014,-66.735264,4118.8593048513
2021,46063,87,8033,60,2,1,1,0,0,16,0,1,3,2,10,42,18,24,0,46,La Rioja,46063,General Belgrano,7370,2149,-30.599958,-65.94447,2932.1840782788
2021,46070,29,3777,24,0,0,0,0,0,8,0,1,1,3,3,16,5,11,0,46,La Rioja,46070,General Juan F. Quiroga,4108,1123,-30.862942,-66.793011,3384.6577617905
2021,46077,22,1851,9,0,0,0,0,0,1,0,0,1,0,0,8,2,6,0,46,La Rioja,46077,General Lamadrid,1734,484,-28.76772,-68.713011,6617.3838774302
2021,46084,68,7197,53,0,0,0,0,0,15,2,2,2,4,5,38,12,26,0,46,La Rioja,46084,General Ocampo,7145,2096,-31.024497,-66.068234,3536.3905577685
2021,46091,62,5208,34,1,0,1,0,0,10,0,3,3,4,0,23,6,17,0,46,La Rioja,46091,General San Martín,4944,1297,-31.650348,-66.167147,4754.3675132485
2021,46098,24,2759,12,0,0,0,0,0,2,0,0,0,0,2,10,2,8,0,46,La Rioja,46098,Vinchina,2731,766,-28.29229,-68.526688,10961.121563659
2021,46105,36,2596,22,1,0,1,0,0,8,2,0,1,2,3,13,8,5,0,46,La Rioja,46105,Independencia,2427,643,-30.136136,-67.298378,5872.0577211489
2021,46112,159,15736,97,0,0,0,1,1,32,3,3,5,7,14,63,21,42,0,46,La Rioja,46112,Rosario Vera Peñaloza,14054,3924,-31.423601,-66.688204,4813.0977201082
2021,46119,31,3884,41,0,0,0,0,1,8,1,0,2,2,3,32,11,21,0,46,La Rioja,46119,San Blas de los Sauces,3927,1087,-28.552959,-67.158155,1443.9177910615
2021,46126,26,2691,17,1,1,0,0,0,7,0,1,1,0,5,9,1,8,0,46,La Rioja,46126,Sanagasta,2345,622,-29.154748,-67.069699,1288.5948178582
2021,50007,989,120051,1066,77,6,1,1,0,173,6,19,27,41,80,885,178,707,0,50,Mendoza,50007,Capital,115041,39136,-32.881329,-68.900623,48.197511112976
2021,50014,525,50993,474,3,3,0,0,0,77,3,5,3,15,51,394,101,293,0,50,Mendoza,50014,General Alvear,46429,14748,-35.207208,-67.078169,14486.32499
2021,50021,1661,207466,1635,5,5,0,3,8,306,21,22,43,67,153,1313,332,981,1,50,Mendoza,50021,Godoy Cruz,191903,57375,-32.929067,-68.900114,78.641224895995
2021,50028,3115,336466,2323,13,6,7,1,3,500,20,56,67,109,248,1806,476,1330,1,50,Mendoza,50028,Guaymallén,283803,79770,-32.888202,-68.741814,166.54115618466
2021,50035,492,43382,335,3,2,1,0,1,71,3,5,11,24,28,260,77,183,0,50,Mendoza,50035,Junín,37859,10578,-33.148168,-68.490285,254.98329525676
2021,50042,134,10886,87,3,3,0,0,0,17,1,1,5,2,8,67,29,38,0,50,Mendoza,50042,La Paz,10012,2869,-33.698075,-67.249322,7015.2713365686
2021,50049,2333,238291,1470,16,11,5,2,11,349,14,29,50,81,175,1092,343,749,0,50,Mendoza,50049,Las Heras,203666,53978,-32.523645,-69.275228,8772.1184441676
2021,50056,655,44653,271,3,1,2,0,2,68,6,9,2,19,32,198,69,129,0,50,Mendoza,50056,Lavalle,36738,9269,-32.582147,-67.892861,10333.513501529
2021,50063,1676,145283,915,7,4,3,1,3,201,13,11,38,48,91,703,211,492,0,50,Mendoza,50063,Luján de Cuyo,119888,32233,-33.036988,-69.470803,4801.6368440764
2021,50070,2356,203581,1254,18,15,3,2,2,301,19,28,36,70,148,931,281,650,0,50,Mendoza,50070,Maipú,172332,46569,-32.986219,-68.669097,669.68883154023
2021,50077,314,35246,165,2,2,0,0,1,32,0,4,3,10,15,130,40,90,0,50,Mendoza,50077,Malargüe,27660,7820,-36.151884,-69.318503,40874.449806828
2021,50084,599,64071,440,2,2,0,1,1,79,2,6,14,20,37,357,94,263,0,50,Mendoza,50084,Rivadavia,56373,15884,-33.410958,-68.607979,2055.3089845307
2021,50091,442,39910,251,0,0,0,0,2,51,7,5,6,11,22,198,63,135,0,50,Mendoza,50091,San Carlos,32631,8985,-34.070627,-69.090326,11657.04259
2021,50098,1398,136334,1039,13,8,5,1,10,196,10,15,26,50,95,819,228,591,0,50,Mendoza,50098,San Martín,118220,32730,-32.911985,-68.29292,1551.1214570894
2021,50105,1932,215131,1597,12,9,3,2,7,296,23,25,36,67,145,1280,352,928,0,50,Mendoza,50105,San Rafael,188018,56391,-34.946392,-68.351266,32106.915431795
2021,50112,186,17852,120,0,0,0,0,1,31,2,4,9,6,10,88,29,59,0,50,Mendoza,50112,Santa Rosa,16374,4438,-33.598328,-67.958768,8729.2708513353
2021,50119,635,61349,376,7,6,1,1,7,88,7,12,5,20,44,273,86,187,1,50,Mendoza,50119,Tunuyán,49458,13538,-33.623388,-69.521086,3443.7523676184
2021,50126,570,39418,213,3,3,0,1,0,48,5,7,7,8,21,161,41,120,0,50,Mendoza,50126,Tupungato,32524,8530,-33.283516,-69.300873,2574.5010191093
2021,70007,478,29744,238,3,2,1,1,2,61,5,5,8,16,27,171,63,108,1,70,San Juan,70007,Albardón,23888,5863,-31.213864,-68.45353,1035.216064
2021,70014,157,9271,77,1,1,0,0,1,19,2,1,7,1,8,56,18,38,0,70,San Juan,70014,Angaco,8125,2015,-31.192816,-68.125969,2597.8721181043
2021,70021,148,9571,69,1,1,0,1,0,18,1,2,1,3,11,49,20,29,0,70,San Juan,70021,Calingasta,8588,2117,-31.469429,-69.845983,23047.416837455
2021,70028,1251,106955,1472,9,9,0,5,4,243,7,16,23,60,137,1211,310,901,3,70,San Juan,70028,Capital,109123,34049,-31.53349,-68.533517,27.425358289169
2021,70035,621,46598,346,2,1,1,1,0,99,3,2,9,30,55,244,82,162,0,70,San Juan,70035,Caucete,38343,9452,-31.513028,-67.543361,7476.7911652654
2021,70042,1536,108341,727,6,5,1,7,2,232,12,24,20,61,115,480,177,303,1,70,San Juan,70042,Chimbas,87258,20846,-31.489078,-68.523304,59.731449793959
2021,70049,178,12814,53,1,1,0,0,0,23,0,2,5,5,11,29,13,16,0,70,San Juan,70049,Iglesia,9099,1753,-29.619638,-69.442324,19225.074601824
2021,70056,315,23716,257,3,3,0,0,1,71,2,4,10,16,39,182,44,138,0,70,San Juan,70056,Jáchal,21730,5365,-30.354954,-68.437519,14326.089399173
2021,70063,194,11982,71,3,3,0,0,0,23,1,2,4,5,11,45,17,28,0,70,San Juan,70063,9 de Julio,9307,2221,-31.644722,-68.388948,149.75568796882
2021,70070,1131,72249,456,6,4,2,3,1,152,12,14,24,37,65,294,117,177,2,70,San Juan,70070,Pocito,53162,13154,-31.745068,-68.584182,571.45403341643
2021,70077,1823,127828,1192,19,17,2,1,5,313,15,25,32,81,160,854,313,541,0,70,San Juan,70077,Rawson,114368,29520,-31.686792,-68.466764,288.79547982804
2021,70084,1229,93758,753,9,8,1,1,1,169,8,8,18,49,86,573,194,379,1,70,San Juan,70084,Rivadavia,82641,21910,-31.554047,-68.642378,118.89661346252
2021,70091,221,12973,103,0,0,0,0,3,31,3,2,6,8,12,69,25,44,0,70,San Juan,70091,San Martín,11115,2675,-31.531453,-68.195286,592.96409088539
2021,70098,819,55904,561,9,7,2,0,3,115,2,9,9,33,62,434,128,306,1,70,San Juan,70098,Santa Lucía,48087,12724,-31.530875,-68.462473,53.488448159736
2021,70105,457,27331,189,4,3,1,2,2,59,4,4,9,16,26,122,42,80,0,70,San Juan,70105,Sarmiento,22131,5224,-32.07398,-68.688296,2849.5674808611
2021,70112,82,5656,41,0,0,0,1,0,10,0,1,0,5,4,30,12,18,0,70,San Juan,70112,Ullum,4886,1230,-31.088984,-68.885928,4402.8293139919
2021,70119,108,8060,83,0,0,0,0,0,26,2,2,1,9,12,57,21,36,0,70,San Juan,70119,Valle Fértil,7222,1868,-30.693382,-67.526352,5763.3019855967
2021,70126,194,20557,71,3,3,0,0,0,23,1,2,4,5,11,45,17,28,0,70,San Juan,70126,25 de Mayo,17119,3973,-31.98763,-67.825906,4260.538979
2021,70133,38,6181,33,1,1,0,0,0,9,0,0,0,2,7,23,7,16,0,70,San Juan,70133,Zonda,4863,1196,-31.634106,-68.96234,2485.9530710667
2021,10007,51,4638,51,0,0,0,0,0,10,0,0,3,0,7,41,13,28,0,10,Catamarca,10007,Ambato,4463,1294,-28.018762,-65.913376,1721.2269862701
2021,10014,30,2908,23,0,0,0,0,0,5,1,0,0,1,3,18,7,11,0,10,Catamarca,10014,Ancasti,2917,786,-28.927433,-65.491601,2191.2190088029
2021,10021,208,20102,191,1,1,0,0,1,60,2,4,8,21,25,129,52,77,0,10,Catamarca,10021,Andalgalá,18132,4697,-27.585767,-66.357939,4701.0571553212
2021,10028,15,1670,16,2,2,0,0,0,8,0,2,1,2,3,6,2,4,1,10,Catamarca,10028,Antofagasta de la Sierra,1436,365,-25.952089,-67.695338,29081.907231302
2021,10035,310,31663,259,3,3,0,2,2,90,5,8,18,18,41,162,50,112,1,10,Catamarca,10035,Belén,27843,6817,-27.100785,-66.908148,12927.57526
2021,10042,236,18882,174,1,0,1,0,0,55,5,5,10,13,22,118,49,69,0,10,Catamarca,10042,Capayán,16085,3927,-28.930533,-65.903106,4671.1235019129
2021,10049,2079,185250,1550,14,10,4,3,7,493,17,43,69,130,234,1033,367,666,1,10,Catamarca,10049,Capital,159703,42037,-28.404362,-65.83673,415.40196334643
2021,10056,31,3924,26,0,0,0,0,0,6,0,0,1,1,4,20,10,10,0,10,Catamarca,10056,El Alto,3570,1042,-28.4271,-65.359138,1903.8566594751
2021,10063,172,13745,111,0,0,0,0,0,31,1,3,4,9,14,80,25,55,0,10,Catamarca,10063,Fray Mamerto Esquiú,11896,3019,-28.328986,-65.728357,189.41385800668
2021,10070,306,25392,201,2,2,0,0,0,72,3,5,8,25,31,127,46,81,1,10,Catamarca,10070,La Paz,22638,6093,-29.378709,-65.122753,10417.864985464
2021,10077,52,4305,53,2,1,1,0,0,12,0,2,0,3,7,39,11,28,0,10,Catamarca,10077,Paclín,4185,1152,-28.109614,-65.669626,960.10288434461
2021,10084,130,12569,85,0,0,0,0,0,30,0,2,4,12,12,55,11,44,0,10,Catamarca,10084,Pomán,10776,2746,-28.214911,-66.381496,5430.5098410605
2021,10091,278,24130,247,6,5,1,1,2,58,4,4,11,13,26,180,39,141,1,10,Catamarca,10091,Santa María,22548,5982,-26.793516,-66.271651,5428.3805710043
2021,10098,125,14336,93,1,1,0,0,1,37,0,6,5,11,15,54,20,34,0,10,Catamarca,10098,Santa Rosa,12034,3096,-28.076822,-65.339411,1530.8063226352
2021,10105,245,23326,234,3,2,1,0,0,67,6,4,11,22,24,164,52,112,0,10,Catamarca,10105,Tinogasta,22360,6066,-27.540911,-67.921562,22625.715995347
2021,10112,376,32151,236,0,0,0,0,1,73,6,5,7,18,37,162,54,108,0,10,Catamarca,10112,Valle Viejo,27242,6882,-28.592718,-65.705149,613.47686570459
2021,14007,764,72164,503,3,2,1,0,5,119,10,8,12,28,61,376,125,251,1,14,Córdoba,14007,Calamuchita,54730,16915,-32.207072,-64.621465,4740.5423479729
2021,14014,16872,1460905,14516,123,77,46,29,28,3583,153,268,487,868,1807,10753,3189,7614,7,14,Córdoba,14014,Capital,1329604,414237,-31.41707,-64.183205,573.04518079655
2021,14021,3780,309982,2122,28,17,11,4,6,547,22,37,76,145,267,1537,487,1050,5,14,Córdoba,14021,Colón,225151,63780,-31.144057,-64.152864,2339.6464967587
2021,14028,795,69645,687,7,7,0,4,3,150,4,12,17,27,90,523,160,363,1,14,Córdoba,14028,Cruz del Eje,58759,15948,-30.666729,-65.083523,6783.3321197215
2021,14035,409,41043,322,3,0,3,0,0,55,1,2,8,9,35,264,68,196,0,14,Córdoba,14035,General Roca,35645,11608,-34.62324,-64.374411,12712.786648765
2021,14042,1881,145973,1652,14,8,6,4,4,418,17,24,64,103,210,1210,363,849,1,14,Córdoba,14042,General San Martín,127454,41871,-32.514334,-63.256224,4990.4894596064
2021,14049,469,36625,399,2,2,0,2,1,106,4,6,19,24,53,288,96,192,0,14,Córdoba,14049,Ischilín,31312,8734,-30.399718,-64.609489,5059.7768576143
2021,14056,772,70658,623,2,2,0,3,0,146,12,12,7,38,77,472,138,334,0,14,Córdoba,14056,Juárez Celman,61078,19745,-33.329446,-63.606335,7927.9070763495
2021,14063,1128,115851,1375,9,4,5,1,4,283,12,19,30,68,154,1078,279,799,0,14,Córdoba,14063,Marcos Juárez,104205,35476,-33.030782,-62.277101,9185.9876986281
2021,14070,38,5083,40,0,0,0,1,0,11,1,0,3,1,6,28,5,23,0,14,Córdoba,14070,Minas,4727,1495,-31.035386,-65.410978,3574.6629191414
2021,14077,57,5806,44,1,1,0,0,1,7,0,0,2,2,3,35,8,27,0,14,Córdoba,14077,Pocho,5380,1611,-31.463414,-65.437954,3045.0587061609
2021,14084,397,40727,464,3,2,1,2,0,110,2,9,10,26,63,349,102,247,0,14,Córdoba,14084,Presidente Roque Sáenz Peña,36282,12111,-34.140216,-63.418574,8240.8907434106
2021,14091,2257,216702,2406,15,9,6,1,1,502,20,29,63,120,270,1887,553,1334,0,14,Córdoba,14091,Punilla,178401,55253,-31.222559,-64.586152,2469.7099612535
2021,14098,3460,280194,2920,24,16,8,4,7,648,25,52,72,157,342,2237,594,1643,3,14,Córdoba,14098,Río Cuarto,246393,80878,-33.330061,-64.49295,18558.492484861
2021,14105,716,54501,405,3,2,1,0,1,108,7,10,14,22,55,293,90,203,2,14,Córdoba,14105,Río Primero,46675,13652,-31.032795,-63.438562,6763.6718514418
2021,14112,225,15659,94,1,1,0,0,0,26,0,0,4,8,14,67,19,48,0,14,Córdoba,14112,Río Seco,13242,3846,-30.039831,-63.182337,7120.1095407748
2021,14119,1452,117259,1263,3,2,1,0,2,313,12,19,49,72,161,945,259,686,0,14,Córdoba,14119,Río Segundo,103718,32090,-31.733027,-63.476921,5173.6449581431
2021,14126,489,44613,337,4,4,0,2,2,94,6,7,12,26,43,235,71,164,0,14,Córdoba,14126,San Alberto,37004,10320,-31.707725,-65.156134,3390.9531305069
2021,14133,739,60790,699,9,8,1,0,1,147,7,9,19,38,74,542,166,376,0,14,Córdoba,14133,San Javier,53520,15855,-32.076193,-65.14186,1547.2108091588
2021,14140,2645,230517,2549,13,8,5,6,4,588,33,44,67,142,302,1938,568,1370,3,14,Córdoba,14140,San Justo,206307,66832,-31.239224,-62.527576,15602.023613441
2021,14147,1630,121060,1115,10,7,3,3,4,303,10,27,43,73,150,795,232,563,0,14,Córdoba,14147,Santa María,98188,28144,-31.711202,-64.307062,3241.0530314646
2021,14154,47,5091,32,0,0,0,0,0,7,0,0,1,0,6,25,10,15,0,14,Córdoba,14154,Sobremonte,4591,1311,-29.763961,-64.141252,3253.9527094377
2021,14161,1327,122294,1286,8,8,0,2,1,285,12,19,33,74,147,990,254,736,2,14,Córdoba,14161,Tercero Arriba,109554,36058,-32.287713,-63.779247,5141.6028195861
2021,14168,276,22000,150,1,1,0,0,0,42,2,3,7,7,23,107,25,82,0,14,Córdoba,14168,Totoral,18556,5363,-30.726131,-63.984253,3048.5932043176
2021,14175,184,14213,126,2,2,0,0,0,42,0,4,4,9,25,82,25,57,1,14,Córdoba,14175,Tulumba,12673,4041,-30.222073,-63.807901,9802.3139407052
2021,14182,1324,118906,1268,5,3,2,2,0,290,20,22,41,64,143,971,253,718,2,14,Córdoba,14182,Unión,105727,34669,-32.878454,-62.791426,10900.429941035
2021,18007,744,41918,366,7,3,4,0,0,116,10,7,15,28,56,243,92,151,1,18,Corrientes,18007,Bella Vista,37181,9823,-28.498913,-58.928086,1752.4745753182
2021,18014,18,2844,6,0,0,0,0,0,3,0,0,0,2,1,3,1,2,0,18,Corrientes,18014,Berón de Astrada,2461,676,-27.474863,-57.607758,891.75792020803
2021,18021,5241,414927,3489,69,52,17,9,17,1048,64,95,138,252,499,2346,837,1509,6,18,Corrientes,18021,Capital,358223,96993,-27.51994,-58.763309,566.28059393194
2021,18028,357,26209,106,3,2,1,1,0,32,1,4,8,3,16,70,20,50,1,18,Corrientes,18028,Concepción,21113,5205,-28.4084,-58.031393,5281.6344580735
2021,18035,640,50264,413,9,7,2,1,1,121,8,9,9,34,61,281,107,174,0,18,Corrientes,18035,Curuzú Cuatiá,44384,12446,-29.695929,-58.324845,8321.3459450798
2021,18042,210,16523,129,2,2,0,0,0,40,3,0,5,10,22,87,27,60,0,18,Corrientes,18042,Empedrado,15109,4055,-27.894369,-58.663715,1948.6171847167
2021,18049,498,33191,277,6,6,0,0,0,85,10,5,10,21,39,186,58,128,3,18,Corrientes,18049,Esquina,30802,8108,-29.982659,-59.237808,3893.3060799119
2021,18056,123,8127,57,1,1,0,0,1,18,0,0,3,4,11,37,11,26,0,18,Corrientes,18056,General Alvear,7926,2387,-28.774019,-56.51183,1940.1531500142
2021,18063,183,15774,152,2,2,0,0,0,56,3,5,9,14,25,94,36,58,1,18,Corrientes,18063,General Paz,14836,4119,-27.720857,-57.78921,2601.1500257735
2021,18070,1289,98754,999,11,9,2,3,1,239,15,22,21,46,135,745,250,495,0,18,Corrientes,18070,Goya,89959,24344,-29.452111,-59.256605,4792.7466077454
2021,18077,139,10282,81,1,1,0,0,0,27,5,1,4,5,12,53,20,33,0,18,Corrientes,18077,Itatí,9171,2456,-27.345338,-58.074945,876.12757637731
2021,18084,509,33815,220,6,5,1,0,1,90,4,15,12,19,40,123,48,75,1,18,Corrientes,18084,Ituzaingó,31150,8367,-27.907255,-56.78806,9788.4082302757
2021,18091,633,33993,234,4,4,0,0,0,82,10,11,14,16,31,148,47,101,2,18,Corrientes,18091,Lavalle,28759,7312,-28.989597,-58.941988,1530.746555
2021,18098,164,10124,106,3,3,0,0,2,26,2,2,6,5,11,75,23,52,0,18,Corrientes,18098,Mburucuyá,9252,2524,-28.016384,-58.185567,998.57005572766
2021,18105,815,45052,418,8,7,1,0,2,126,3,12,18,28,65,282,96,186,1,18,Corrientes,18105,Mercedes,40667,11172,-29.064505,-57.818383,9744.5682675359
2021,18112,566,42279,353,3,3,0,0,1,100,6,5,8,30,51,249,83,166,1,18,Corrientes,18112,Monte Caseros,36338,10543,-30.228775,-57.86944,2704.1526838892
2021,18119,861,54326,478,8,7,1,0,2,177,10,16,23,44,84,291,132,159,0,18,Corrientes,18119,Paso de los Libres,48642,13254,-29.593725,-57.299552,4896.2935934402
2021,18126,371,24615,210,7,5,2,1,0,68,4,8,8,21,27,134,37,97,0,18,Corrientes,18126,Saladas,22244,5638,-28.212466,-58.619913,1919.6057433091
2021,18133,193,16921,178,2,2,0,1,0,61,4,2,9,16,30,114,45,69,0,18,Corrientes,18133,San Cosme,14381,3882,-27.380065,-58.518085,610.44214025996
2021,18140,251,20100,172,3,1,2,0,0,57,4,3,10,23,17,112,37,75,1,18,Corrientes,18140,San Luis del Palmar,17590,4417,-27.602043,-58.268556,2578.5941033899
2021,18147,185,15197,87,2,1,1,1,0,29,2,2,3,12,10,55,22,33,0,18,Corrientes,18147,San Martín,13140,3661,-28.828789,-56.931681,6650.3950283526
5051,18154,154,11604,77,3,2,1,0,1,22,3,1,3,2,13,51,15,36,0,18,Corrientes,18154,San Miguel,10572,2553,-27.87558,-57.409848,3063.747643
2021,18161,279,19983,124,2,0,2,1,1,37,5,4,4,10,14,83,29,54,0,18,Corrientes,18161,San Roque,18366,4684,-28.705821,-58.61302,2427.6636088419
2021,18168,1178,74106,466,13,10,3,5,2,188,13,11,28,43,93,258,82,176,1,18,Corrientes,18168,Santo Tomé,61297,16664,-28.230789,-56.22207,7003.8546167976
2021,18175,126,9392,81,2,2,0,0,1,18,0,3,0,5,10,60,19,41,0,18,Corrientes,18175,Sauce,9032,2514,-29.999373,-58.794964,2491.7133659035
2021,22007,714,43567,313,4,3,1,0,1,125,11,10,18,40,46,183,68,115,2,22,Chaco,22007,Almirante Brown,34075,8730,-25.742873,-61.961478,17744.482531989
2021,22014,432,27761,270,7,6,1,2,0,73,6,3,13,12,39,188,69,119,1,22,Chaco,22014,Bermejo,25052,7128,-26.950353,-58.710958,2603.9751717562
2021,22021,1656,115861,1092,20,16,4,3,3,391,24,31,50,98,188,675,245,430,1,22,Chaco,22021,Comandante Fernández,96944,27000,-26.786389,-60.46227,1504.6696777382
2021,22028,470,36517,351,5,4,1,0,4,141,8,11,24,28,70,201,70,131,1,22,Chaco,22028,Chacabuco,30590,8494,-27.118686,-61.310173,1461.3289346068
2021,22036,431,26640,275,5,3,2,1,0,125,12,10,12,32,59,143,58,85,2,22,Chaco,22036,12 de Octubre,22281,6021,-27.334834,-61.474867,2752.35472
2021,22039,103,7909,87,1,1,0,0,2,40,1,1,9,15,14,44,13,31,0,22,Chaco,22039,2 de Abril,7432,2121,-27.621719,-61.327706,1603.0021783576
2021,22043,171,14575,134,1,1,0,3,1,46,3,6,6,9,22,83,28,55,0,22,Chaco,22043,Fray Justo Santa María de Oro,11826,3229,-27.866373,-61.301148,2196.6287365889
2021,22049,287,14977,134,1,1,0,0,0,63,5,6,8,14,30,70,26,44,1,22,Chaco,22049,General Belgrano,11988,3078,-26.848522,-61.071824,1303.1708302008
2021,22056,216,14355,134,3,2,1,0,0,45,0,5,8,12,20,86,34,52,0,22,Chaco,22056,General Donovan,13490,3698,-27.144541,-59.356784,1453.4862808341
2021,22063,1721,78289,725,16,5,11,5,12,324,33,29,67,72,123,367,136,231,1,22,Chaco,22063,General Güemes,67132,17243,-25.212612,-61.332719,25749.776804812
2021,22070,517,26305,222,3,0,3,0,2,87,10,4,13,16,44,130,53,77,0,22,Chaco,22070,Independencia,22411,5417,-26.738539,-60.757244,1940.2058716217
2021,22077,203,14898,115,2,2,0,1,1,40,1,1,7,11,20,71,26,45,1,22,Chaco,22077,Libertad,12158,3237,-27.348841,-59.260971,1041.9807312411
2021,22084,1181,69585,559,15,8,7,3,5,207,12,26,31,53,85,329,121,208,2,22,Chaco,22084,Libertador General San Martín,59147,15797,-26.383743,-59.488798,7333.403294
2021,22091,498,27234,212,4,4,0,2,1,83,10,2,10,19,42,122,41,81,0,22,Chaco,22091,Maipú,25288,6346,-26.319985,-60.455468,2915.6443595863
2021,22098,1184,60381,658,13,12,1,2,3,239,12,15,31,67,114,401,169,232,1,22,Chaco,22098,Mayor Luis J. Fontana,55080,15495,-27.744022,-60.657259,3705.3822627594
2021,22105,488,32550,310,2,2,0,2,3,112,4,8,14,24,62,190,71,119,1,22,Chaco,22105,9 de Julio,28555,7798,-26.947042,-61.265368,2219.7467310282
2021,22112,397,21885,229,2,2,0,0,0,89,8,7,10,22,42,138,64,74,1,22,Chaco,22112,O'Higgins,20131,5184,-27.258728,-60.680508,1552.2724771558
2021,22119,213,13555,126,2,1,1,0,0,42,2,4,7,9,20,82,29,53,0,22,Chaco,22119,Presidencia de la Plaza,12499,3416,-27.048714,-59.774413,2279.9729302109
2021,22126,218,12701,132,4,4,0,1,0,45,1,5,6,13,20,81,27,54,0,22,Chaco,22126,1º de Mayo,10322,2954,-27.16803,-58.962856,1295.1149684882
2021,22133,683,39073,305,6,0,6,2,2,113,8,10,17,23,55,182,75,107,0,22,Chaco,22133,Quitilipi,34081,8809,-26.673406,-60.173718,1606.7393580801
2021,22140,5635,446661,4181,54,42,12,7,21,1479,68,133,196,332,750,2618,981,1637,10,22,Chaco,22140,San Fernando,390874,110180,-27.71801,-59.11607,3575.5038472567
2021,22147,285,16099,158,1,1,0,0,1,64,3,2,9,20,30,91,35,56,0,22,Chaco,22147,San Lorenzo,14702,3992,-27.393973,-60.36438,2144.4283526661
2021,22154,265,18069,160,3,2,1,0,0,54,2,5,7,21,19,103,44,59,0,22,Chaco,22154,Sargento Cabral,15889,4367,-26.804136,-59.527256,1560.9416673038
2021,22161,56,4260,26,0,0,0,0,0,6,1,0,1,2,2,20,11,9,0,22,Chaco,22161,Tapenagá,4097,1156,-27.664695,-59.826294,5952.6251733717
2021,22168,488,32540,310,2,2,0,2,3,112,4,8,14,24,62,190,71,119,1,22,Chaco,22168,25 de Mayo,29215,7532,-26.825934,-60.018614,2339.4104156995
2021,26007,938,119737,526,6,4,2,1,2,142,6,8,27,30,71,375,130,245,0,26,Chubut,26007,Biedma,82883,24471,-42.445493,-64.932357,12845.901887126
2021,26014,198,24835,156,0,0,0,0,1,31,1,4,6,7,13,124,36,88,0,26,Chubut,26014,Cushamen,20919,6714,-42.374993,-70.697742,15816.830916373
2021,26021,2102,238946,1282,8,6,2,5,5,358,12,46,53,74,173,904,260,644,1,26,Chubut,26021,Escalante,186583,56875,-45.283722,-67.708849,14291.807304957
2021,26028,18,1795,8,0,0,0,0,0,3,0,0,0,1,2,5,0,5,0,26,Chubut,26028,Florentino Ameghino,1627,479,-44.422676,-66.129746,15868.726358058
2021,26035,421,49418,311,2,1,1,1,4,87,8,9,12,25,33,217,60,157,0,26,Chubut,26035,Futaleufú,43076,13740,-43.069266,-71.46566,9323.595781
2021,26042,122,13047,85,2,1,1,0,0,22,0,2,4,6,10,61,18,43,0,26,Chubut,26042,Gaiman,11141,3508,-43.273036,-66.171846,11609.372412383
2021,26049,5,1365,7,0,0,0,0,0,4,0,0,0,3,1,3,1,2,0,26,Chubut,26049,Gastre,1427,512,-42.753441,-68.801563,15950.109366253
2021,26056,22,3118,30,0,0,0,0,0,12,0,1,4,0,7,18,11,7,0,26,Chubut,26056,Languiñeo,3085,1073,-43.323311,-70.347704,14784.043381673
2021,26063,7,711,10,0,0,0,0,0,1,0,0,0,1,0,9,3,6,0,26,Chubut,26063,Mártires,778,287,-43.814041,-67.240109,15635.311151578
2021,26070,23,1796,12,0,0,0,0,0,6,0,1,1,3,1,6,3,3,0,26,Chubut,26070,Paso de Indios,1867,649,-44.031344,-68.685773,22184.82707
2021,26077,1291,145697,986,6,4,2,3,1,266,17,22,38,66,123,710,223,487,1,26,Chubut,26077,Rawson,131313,41187,-43.138249,-65.074331,4163.1447837295
2021,26084,68,6266,44,0,0,0,0,0,18,2,1,2,6,7,26,13,13,0,26,Chubut,26084,Río Senguer,5979,1984,-45.339861,-70.639834,22878.431197681
2021,26091,146,15427,61,3,3,0,0,0,19,1,6,3,3,6,39,11,28,0,26,Chubut,26091,Sarmiento,11396,3262,-45.348305,-69.00286,14615.594275699
2021,26098,58,5506,37,0,0,0,0,0,9,0,3,2,1,3,28,10,18,0,26,Chubut,26098,Tehuelches,5390,1793,-44.200123,-70.575012,14570.572300655
2021,26105,4,1517,9,0,0,0,0,1,2,0,0,0,1,1,6,0,6,0,26,Chubut,26105,Telsen,1644,632,-42.440781,-67.177161,19381.884014427
2021,30008,658,78535,584,6,4,2,0,2,120,6,12,10,31,61,456,101,355,0,30,Entre Ríos,30008,Colón,62160,19963,-32.01131,-58.369944,2766.6104966339
2021,30015,2288,192924,1369,25,18,7,2,4,372,18,36,59,84,175,966,313,653,0,30,Entre Ríos,30015,Concordia,170033,47982,-31.289974,-58.237359,3312.9627910736
2021,30021,457,51782,452,9,8,1,0,1,96,2,7,16,26,45,346,100,246,2,30,Entre Ríos,30021,Diamante,46361,14784,-32.232588,-60.523515,2664.3135977604
2021,30028,902,84769,538,12,9,3,0,1,142,13,15,25,33,56,383,126,257,0,30,Entre Ríos,30028,Federación,68736,19378,-30.734176,-58.15774,3760.2108919709
2021,30035,315,28358,216,3,2,1,2,0,59,3,8,13,8,27,152,42,110,1,30,Entre Ríos,30035,Federal,25863,7408,-30.992574,-58.891077,5204.1515253083
2021,30042,209,16571,100,2,2,0,0,0,27,0,3,3,7,14,71,21,50,0,30,Entre Ríos,30042,Feliciano,15079,3949,-30.414113,-58.728507,3177.1776662527
2021,30049,617,59130,508,5,3,2,1,0,108,4,6,18,23,57,394,110,284,1,30,Entre Ríos,30049,Gualeguay,51883,16153,-33.117663,-59.602796,6575.3396076987
2021,30056,1091,125501,1043,11,8,3,1,7,206,14,24,21,50,97,818,225,593,0,30,Entre Ríos,30056,Gualeguaychú,109461,34492,-33.020459,-58.788183,7519.7017858273
2021,30063,120,13527,87,0,0,0,0,1,28,3,1,2,4,18,58,27,31,0,30,Entre Ríos,30063,Islas del Ibicuy,12077,3445,-33.623407,-58.938004,4950.092137
2021,30070,892,72378,570,9,6,3,2,4,152,14,18,20,32,68,403,119,284,1,30,Entre Ríos,30070,La Paz,66903,18305,-30.897837,-59.502334,6705.7599273777
2021,30077,374,41427,352,3,3,0,0,0,79,7,6,14,18,34,270,71,199,0,30,Entre Ríos,30077,Nogoyá,39026,12207,-32.219205,-59.770652,4374.7298209297
2021,30084,3614,379856,2961,32,28,4,3,8,657,35,59,92,158,313,2261,619,1642,1,30,Entre Ríos,30084,Paraná,339930,105030,-31.69731,-60.045552,5133.7373097451
2021,30088,251,20018,152,3,3,0,0,0,35,2,1,4,4,24,114,33,81,0,30,Entre Ríos,30088,San Salvador,17357,5257,-31.577782,-58.488634,1324.891373
2021,30091,268,26686,255,0,0,0,0,0,54,4,3,6,9,32,201,54,147,0,30,Entre Ríos,30091,Tala,25665,8406,-32.317295,-59.267989,2643.9096369981
2021,30098,972,114198,915,7,7,0,0,0,203,6,19,28,34,116,705,203,502,0,30,Entre Ríos,30098,Uruguay,100728,32573,-32.450426,-58.582037,5154.3538361098
2021,30105,386,39974,290,2,2,0,1,0,64,2,2,7,14,39,223,46,177,0,30,Entre Ríos,30105,Victoria,35767,11063,-32.785518,-60.22122,6647.3575050147
2021,30113,635,52876,415,4,3,1,0,1,104,5,4,18,24,53,306,91,215,0,30,Entre Ríos,30113,Villaguay,48965,14726,-31.647872,-59.06069,6570.5126668231
2021,34007,308,16431,72,3,1,2,0,1,30,4,5,4,9,8,38,10,28,1,34,Formosa,34007,Bermejo,14046,3548,-24.028331,-61.267853,13060.033532372
2021,34014,3185,273881,1790,38,30,8,6,17,569,39,53,72,139,266,1160,419,741,2,34,Formosa,34014,Formosa,234354,62621,-25.937112,-58.376877,6380.1535683381
2021,34021,242,19120,116,2,1,1,0,0,28,1,4,4,5,14,86,42,44,0,34,Formosa,34021,Laishi,17063,4538,-26.460536,-58.566378,3609.8274343777
2021,34028,392,17356,86,1,1,0,0,0,40,2,5,5,15,13,45,15,30,0,34,Formosa,34028,Matacos,14375,3363,-23.859214,-62.055683,4421.3249631725
2021,34035,1105,77488,558,6,5,1,3,9,196,23,19,23,38,93,344,99,245,0,34,Formosa,34035,Patiño,68581,18856,-24.862549,-59.977358,26157.986394067
2021,34042,270,20663,137,1,1,0,0,0,39,5,3,4,9,18,97,34,63,0,34,Formosa,34042,Pilagás,18399,4794,-25.104998,-58.664523,3587.3535127482
2021,34049,1409,97745,667,13,6,7,2,4,208,20,28,32,43,85,440,194,246,2,34,Formosa,34049,Pilcomayo,85024,21932,-25.37068,-58.062918,5322.941087
2021,34056,860,70079,496,15,12,3,1,3,145,13,9,22,38,63,332,130,202,0,34,Formosa,34056,Pirané,64566,17855,-25.759773,-59.16919,8860.1425821065
2021,34063,459,17256,48,5,5,0,1,3,26,5,6,3,4,8,13,5,8,1,34,Formosa,34063,Ramón Lista,13754,2796,-23.130271,-62.125171,4111.230425
2021,38007,142,13647,78,1,1,0,1,2,27,1,4,5,7,10,47,17,30,0,38,Jujuy,38007,Cochinoca,12656,3373,-22.942932,-65.934759,7241.8194944292
2021,38014,1227,118397,589,7,4,3,2,4,190,15,12,35,46,82,386,137,249,1,38,Jujuy,38014,El Carmen,97039,23324,-24.448191,-65.10304,922.91698826187
2021,38021,2561,312671,1826,19,16,3,2,8,512,28,57,89,145,193,1285,345,940,1,38,Jujuy,38021,Dr. Manuel Belgrano,265249,71061,-24.081564,-65.447052,2215.3897200685
2021,38028,186,18771,116,2,1,1,1,3,41,2,5,8,10,16,69,18,51,0,38,Jujuy,38028,Humahuaca,17366,4742,-23.074633,-65.404287,3638.6958108993
2021,38035,972,89823,611,7,7,0,2,0,199,17,18,27,55,82,403,156,247,1,38,Jujuy,38035,Ledesma,81790,20345,-23.782185,-64.815613,2891.6833734565
2021,38042,482,60614,367,2,2,0,0,1,86,9,8,15,20,34,278,83,195,0,38,Jujuy,38042,Palpalá,52631,13225,-24.194924,-65.126449,487.73633264809
2021,38049,19,2943,5,0,0,0,0,0,3,1,0,0,1,1,2,1,1,0,38,Jujuy,38049,Rinconada,2488,553,-22.621683,-66.542062,6173.2698281416
2021,38056,68,5808,38,0,0,0,0,1,14,0,1,3,4,6,23,10,13,0,38,Jujuy,38056,San Antonio,4466,1239,-24.347975,-65.448075,703.9683743
2021,38063,838,82305,657,6,5,1,3,7,166,9,22,23,42,70,475,154,321,0,38,Jujuy,38063,San Pedro,75037,19616,-24.299136,-64.809997,2050.4663152886
2021,38070,271,19185,123,1,0,1,1,1,41,1,7,5,3,25,79,30,49,0,38,Jujuy,38070,Santa Bárbara,17730,4369,-24.011515,-64.398444,4490.852096
2021,38077,32,2597,18,0,0,0,0,1,4,0,1,2,1,0,13,4,9,0,38,Jujuy,38077,Santa Catalina,2800,846,-22.137102,-66.226869,2946.042435
2021,38084,49,4151,14,0,0,0,0,0,4,1,1,1,1,0,10,3,7,0,38,Jujuy,38084,Susques,3791,854,-23.520298,-66.663037,10266.764675715
2021,38094,118,15713,79,0,0,0,0,0,37,7,7,4,8,11,42,15,27,0,38,Jujuy,38094,Tilcara,12349,3397,-23.560401,-65.320016,2120.1425937625
2021,38098,61,4962,38,0,0,0,1,2,11,2,3,2,2,2,24,5,19,0,38,Jujuy,38098,Tumbaya,4658,1284,-23.738567,-65.698526,3287.9508613082
2021,38105,22,2628,17,0,0,0,0,0,9,1,0,0,3,5,8,2,6,0,38,Jujuy,38105,Valle Grande,2451,777,-23.464113,-65.012202,1226.1176945373
2021,38112,244,24997,149,7,3,4,1,1,54,5,6,15,10,18,86,25,61,0,38,Jujuy,38112,Yavi,20806,5625,-22.290687,-65.565318,3025.3384257358
2021,42007,84,10585,81,0,0,0,0,0,14,0,1,2,4,7,67,23,44,0,42,La Pampa,42007,Atreucó,10153,3586,-37.031069,-63.778246,3509.593083
2021,42014,15,2809,11,0,0,0,0,0,3,1,0,2,0,0,8,2,6,0,42,La Pampa,42014,Caleu Caleu,2313,741,-38.670847,-63.89726,9096.9490103278
2021,42021,1035,120858,909,15,11,4,0,5,196,10,12,19,48,107,693,177,516,0,42,La Pampa,42021,Capital,105312,35598,-36.496645,-64.196209,2553.5632275027
2021,42028,89,8181,52,1,1,0,0,1,12,1,0,2,3,6,38,7,31,0,42,La Pampa,42028,Catriló,7293,2389,-36.581362,-63.662579,2480.9566168263
2021,42035,131,14165,134,1,1,0,0,3,18,0,1,2,6,9,112,33,79,0,42,La Pampa,42035,Conhelo,14077,4996,-36.028425,-64.51254,5214.5733385757
2021,42042,6,1204,6,0,0,0,0,0,2,0,0,0,0,2,4,0,4,0,42,La Pampa,42042,Curacó,1040,360,-38.180229,-66.330311,13513.076797142
2021,42049,21,3744,12,0,0,0,0,0,3,0,1,0,0,2,9,3,6,0,42,La Pampa,42049,Chalileo,2985,947,-36.396238,-66.569447,8633.376781
2021,42056,102,13185,95,0,0,0,0,0,15,2,2,2,4,5,80,18,62,0,42,La Pampa,42056,Chapaleufú,11620,3984,-35.228215,-63.659135,2451.626863
2021,42063,13,1518,4,0,0,0,0,0,1,1,0,0,0,0,3,2,1,0,42,La Pampa,42063,Chical Co,1502,474,-36.401963,-67.684723,9092.6387143037
2021,42070,93,8838,94,0,0,0,0,0,20,2,0,3,4,11,74,14,60,0,42,La Pampa,42070,Guatraché,8831,3202,-37.484191,-63.78319,3541.8053337194
2021,42077,42,7370,71,0,0,0,0,0,15,0,1,0,4,10,56,17,39,0,42,La Pampa,42077,Hucal,7540,2908,-37.977839,-63.954529,5972.4785330056
2021,42084,1,314,2,0,0,0,0,0,1,0,0,0,1,0,1,0,1,0,42,La Pampa,42084,Lihuel Calel,439,182,-38.263827,-65.098716,12411.003457927
2021,42091,3,590,2,0,0,0,0,0,0,0,0,0,0,0,2,0,2,0,42,La Pampa,42091,Limay Mahuida,503,189,-37.241952,-66.557329,9924.7563498442
2021,42098,86,9147,31,0,0,0,0,0,6,0,1,0,0,5,25,5,20,0,42,La Pampa,42098,Loventué,8619,2824,-36.476818,-65.539837,9163.1920953956
2021,42105,675,67995,513,7,4,3,1,3,84,6,5,10,23,40,418,102,316,0,42,La Pampa,42105,Maracó,59024,19703,-35.678517,-63.660744,2503.3165830083
2021,42112,111,12423,50,1,1,0,0,0,12,0,0,1,3,8,37,11,26,0,42,La Pampa,42112,Puelén,9468,2790,-37.434236,-67.603544,12989.3918
2021,42119,63,9087,78,0,0,0,0,0,14,1,1,1,1,10,64,15,49,0,42,La Pampa,42119,Quemú Quemú,8663,3139,-36.131192,-63.662288,2480.3507377038
2021,42126,95,11111,85,0,0,0,1,0,17,0,1,1,8,7,67,26,41,0,42,La Pampa,42126,Rancul,10668,3497,-35.409134,-64.798024,4976.8485149773
2021,42133,151,18102,154,0,0,0,1,0,17,4,1,2,4,6,136,28,108,0,42,La Pampa,42133,Realicó,16227,5472,-35.229883,-64.206514,2447.323898
2021,42140,168,18605,59,2,0,2,0,0,22,1,5,3,0,13,35,11,24,0,42,La Pampa,42140,Toay,12409,3836,-36.660901,-64.695256,5155.8291570453
2021,42147,47,5306,40,0,0,0,0,0,5,0,0,0,0,5,35,4,31,0,42,La Pampa,42147,Trenel,5426,1852,-35.629745,-64.211889,2000.9188108108
2021,42154,166,16257,151,2,2,0,1,0,44,4,4,7,14,15,104,32,72,0,42,La Pampa,42154,Utracán,14839,5005,-37.335169,-65.087013,12974.112435261
2021,54007,664,47819,298,3,3,0,2,0,96,6,9,13,30,38,197,65,132,0,54,Misiones,54007,Apóstoles,42249,11556,-27.883701,-55.678899,1031.9995422166
2021,54014,1061,61382,348,7,4,3,0,2,99,8,9,13,25,44,240,83,157,0,54,Misiones,54014,Cainguás,53403,14387,-27.144452,-54.80174,1547.8412589363
2021,54021,463,32893,189,2,1,1,2,1,66,9,10,6,15,26,118,48,70,0,54,Misiones,54021,Candelaria,27040,7299,-27.458447,-55.583342,915.8960341
2021,54028,5149,375429,2398,65,44,21,9,22,695,45,59,82,160,349,1607,557,1050,2,54,Misiones,54028,Capital,324756,93120,-27.548291,-55.856233,954.26290502093
2021,54035,134,10328,53,1,0,1,0,0,18,1,0,5,6,6,34,12,22,0,54,Misiones,54035,Concepción,9577,2584,-27.926382,-55.469867,768.53653479773
2021,54042,1336,91543,558,10,5,5,1,5,180,22,16,28,41,73,362,141,221,0,54,Misiones,54042,El Dorado,78221,21635,-26.317598,-54.422653,1871.5722190501
2021,54049,933,54289,193,6,2,4,5,6,94,7,11,12,30,34,82,38,44,0,54,Misiones,54049,General Manuel Belgrano,42902,11042,-26.01108,-53.963921,3315.7994551803
2021,54056,1595,80568,379,9,3,6,4,6,144,12,19,24,32,57,216,83,133,0,54,Misiones,54056,Guaraní,67897,17789,-27.019881,-54.270641,3250.6752734349
2021,54063,1596,101413,530,13,5,8,7,2,224,18,27,40,50,89,284,130,154,2,54,Misiones,54063,Iguazú,82227,21466,-25.874761,-54.398545,2746.4238929548
2021,54070,657,49817,312,4,4,0,2,0,91,11,5,8,22,45,215,65,150,0,54,Misiones,54070,Leandro N. Alem,45075,13063,-27.626217,-55.387504,1060.1506893714
2021,54077,669,52133,326,8,6,2,1,3,81,3,10,9,22,37,233,81,152,0,54,Misiones,54077,Libertador General San Martín,46561,12751,-26.891721,-54.924277,1448.6762478684
2021,54084,540,40490,231,3,3,0,0,2,64,6,5,7,10,36,162,66,96,0,54,Misiones,54084,Montecarlo,36745,9805,-26.656009,-54.566035,1738.9727166294
2021,54091,1825,122934,796,12,7,5,4,2,229,23,20,34,48,104,549,189,360,0,54,Misiones,54091,Oberá,107501,30016,-27.47155,-55.072619,1550.6398526937
2021,54098,849,61963,380,9,8,1,3,1,130,12,6,20,30,62,237,81,156,0,54,Misiones,54098,San Ignacio,57728,15532,-27.174745,-55.339247,1660.7666598984
2021,54105,378,23139,146,6,3,3,0,1,45,5,2,6,14,18,94,40,54,1,54,Misiones,54105,San Javier,20906,5714,-27.772543,-55.171102,652.52629622273
2021,54112,638,39863,143,3,1,2,2,2,65,8,6,12,16,23,71,35,36,1,54,Misiones,54112,San Pedro,31051,7665,-26.670992,-53.952852,3557.1848555025
2021,54119,440,28989,177,3,1,2,0,1,66,6,6,11,15,28,107,43,64,0,54,Misiones,54119,25 de Mayo,27754,7529,-27.373419,-54.634276,1655.0485238049
2021,58007,106,12057,65,1,0,1,1,0,25,0,0,5,0,20,38,11,27,0,58,Neuquén,58007,Aluminé,8306,2432,-39.131624,-71.046537,4733.8691020756
2021,58014,282,17258,98,0,0,0,0,0,55,6,6,9,16,18,43,21,22,1,58,Neuquén,58014,Añelo,10786,3238,-38.097786,-69.018897,11981.693469878
2021,58021,9,2912,20,0,0,0,0,0,9,1,0,1,2,5,11,4,7,0,58,Neuquén,58021,Catán Lil,2155,661,-39.487417,-70.432743,5410.2982946905
2021,58028,45,4937,46,0,0,0,0,1,13,0,2,2,2,7,32,11,21,0,58,Neuquén,58028,Collón Curá,4532,1316,-40.052684,-70.281444,5762.7658156666
2021,58035,5284,431047,3498,26,18,8,13,10,1201,46,83,149,315,608,2248,788,1460,1,58,Neuquén,58035,Confluencia,362673,113864,-38.831995,-68.79333,7203.2101094198
2021,58042,172,17327,95,0,0,0,0,1,23,1,3,4,11,4,71,27,44,0,58,Neuquén,58042,Chos Malal,15256,4600,-36.881046,-70.286693,4569.6855180645
2021,58049,180,18074,118,0,0,0,1,0,38,1,4,6,8,19,79,26,53,0,58,Neuquén,58049,Huiliches,14725,4222,-39.794524,-71.259914,4034.3094440302
2021,58056,388,38429,309,0,0,0,0,3,90,11,12,7,19,41,216,66,150,0,58,Neuquén,58056,Lácar,29748,9155,-40.314119,-71.184202,4973.6816011251
2021,58063,97,7910,63,0,0,0,0,0,19,1,3,2,7,6,44,12,32,0,58,Neuquén,58063,Loncopué,6925,2000,-38.065991,-70.313829,5498.2978550161
2021,58070,132,18248,100,1,1,0,0,3,43,1,5,6,12,19,53,16,37,0,58,Neuquén,58070,Los Lagos,11998,3623,-40.773427,-71.48636,4197.8151302302
2021,58077,72,7963,55,1,0,1,0,1,23,4,1,3,6,9,30,9,21,0,58,Neuquén,58077,Minas,7234,2195,-36.858721,-70.783627,6050.134012
2021,58084,61,6062,30,0,0,0,0,0,11,0,3,0,1,7,19,5,14,0,58,Neuquén,58084,Ñorquín,4692,1380,-37.638054,-70.677356,5556.8569355059
2021,58091,367,36189,150,3,2,1,0,0,81,4,6,14,22,35,66,31,35,1,58,Neuquén,58091,Pehuenches,24087,7196,-37.400035,-69.40189,8337.6028690433
2021,58098,52,5330,48,0,0,0,0,0,17,1,0,3,4,9,31,12,19,0,58,Neuquén,58098,Picún Leufú,4578,1461,-39.404598,-69.428317,4596.4953808926
2021,58105,84,8130,78,1,1,0,0,1,33,6,1,2,11,13,43,19,24,0,58,Neuquén,58105,Picunches,7022,1979,-38.570053,-70.373635,5978.4478850586
2021,58112,408,40588,398,4,3,1,1,1,134,3,10,22,34,65,258,91,167,0,58,Neuquén,58112,Zapala,36549,10735,-38.925089,-69.840673,5384.5045714701
2021,62007,749,66102,680,5,4,1,1,3,214,10,12,27,60,105,456,161,295,0,62,Río Negro,62007,Adolfo Alsina,57678,18345,-40.790586,-63.761896,8982.7800055723
2021,62014,478,40774,319,2,2,0,0,3,105,4,10,12,21,58,209,89,120,1,62,Río Negro,62014,Avellaneda,35323,10549,-39.418372,-66.220284,20127.092023831
2021,62021,1402,166443,1261,8,5,3,2,3,326,16,23,45,70,172,922,308,614,0,62,Río Negro,62021,Bariloche,133500,41976,-41.504569,-71.528738,5521.0477980349
2021,62028,107,8319,70,1,0,1,0,0,16,0,1,1,6,8,53,21,32,0,62,Río Negro,62028,Conesa,7069,2254,-40.149129,-64.30365,9749.5781749864
2021,62035,28,6918,41,1,0,1,0,0,9,0,0,1,4,4,31,11,20,0,62,Río Negro,62035,El Cuy,5280,1869,-39.702362,-68.497132,21382.464074361
2021,62042,4375,374450,3389,45,30,15,8,9,986,42,70,128,262,484,2340,791,1549,5,62,Río Negro,62042,General Roca,320921,99433,-38.528356,-67.558089,14747.635673728
2021,62049,33,3313,33,0,0,0,0,0,8,0,0,1,3,4,25,9,16,0,62,Río Negro,62049,9 de julio,3475,1123,-40.928033,-67.456994,23909.235606738
2021,62056,10,1401,15,0,0,0,0,0,6,0,0,1,2,3,9,2,7,0,62,Río Negro,62056,Ñorquinco,1736,637,-41.74872,-70.39888,8467.916185
2021,62063,187,14448,170,1,1,0,0,1,38,0,0,6,12,20,130,38,92,0,62,Río Negro,62063,Pichi Mahuida,14107,4687,-39.406916,-64.403277,15887.759605365
2021,62070,68,9530,90,1,0,1,0,0,28,1,0,3,3,21,60,13,47,0,62,Río Negro,62070,Pilcaniyeu,7428,2360,-40.894402,-70.469048,10903.214002199
2021,62077,402,37460,300,3,3,0,1,0,96,5,9,13,23,46,200,75,125,1,62,Río Negro,62077,San Antonio,29284,9230,-40.958446,-65.369026,14291.486923221
2021,62084,46,8697,60,1,1,0,0,0,14,0,1,2,2,9,45,11,34,0,62,Río Negro,62084,Valcheta,7101,2053,-40.983212,-66.311756,21145.28182
2021,62091,131,19197,144,0,0,0,0,0,26,2,3,6,7,11,115,35,80,0,62,Río Negro,62091,25 de Mayo,15743,4673,-41.133502,-68.903851,27843.467848229
2021,66007,1186,69909,530,9,6,3,1,4,214,16,20,35,51,92,302,105,197,3,66,Salta,66007,Anta,57411,13688,-24.874105,-63.841613,22598.208106103
2021,66014,106,7689,65,1,1,0,0,1,20,1,2,4,6,7,43,8,35,0,66,Salta,66014,Cachi,7315,1811,-25.048153,-66.196677,3080.8508207613
2021,66021,200,19548,143,6,4,2,0,1,49,5,8,8,9,19,87,31,56,0,66,Salta,66021,Cafayate,14850,3555,-26.120228,-65.886484,1358.9773143022
2021,66028,7264,639055,4537,59,42,17,15,18,1244,85,106,180,326,547,3201,1046,2155,8,66,Salta,66028,Capital,536113,137000,-24.891233,-65.271168,1766.2045794395
2021,66035,675,49825,259,5,3,2,0,0,95,8,3,18,37,29,159,71,88,0,66,Salta,66035,Cerrillos,35789,8505,-24.992463,-65.40228,535.07819886189
2021,66042,287,24864,172,1,0,1,1,2,53,5,5,10,7,26,115,39,76,1,66,Salta,66042,Chicoana,20710,4949,-25.145602,-65.604715,1014.793338
2021,66049,674,55877,371,10,8,2,0,2,109,6,14,16,31,42,250,88,162,0,66,Salta,66049,General Güemes,47226,11562,-24.762051,-64.957769,2276.6445736268
2021,66056,3560,187231,1136,29,21,8,8,13,420,35,45,53,104,183,666,280,386,4,66,Salta,66056,General José de San Martín,156910,37915,-22.712121,-63.657085,15979.277610612
2021,66063,29,3290,31,0,0,0,0,0,8,2,0,2,2,2,23,6,17,0,66,Salta,66063,Guachipas,3187,906,-25.705207,-65.453713,2703.4190977175
2021,66070,66,5752,38,0,0,0,0,0,13,1,1,3,1,7,25,3,22,0,66,Salta,66070,Iruya,5987,1504,-22.795798,-64.902911,3591.2534216992
2021,66077,138,10804,98,6,5,1,1,0,35,0,4,6,12,13,56,23,33,0,66,Salta,66077,La Caldera,7763,2088,-24.563273,-65.443052,1021.4505057307
2021,66084,87,6511,45,1,0,1,0,2,6,0,0,0,0,6,36,13,23,0,66,Salta,66084,La Candelaria,5704,1469,-26.051685,-65.206749,1461.2706300803
2021,66091,12,1773,13,0,0,0,0,0,2,1,0,0,1,0,11,3,8,0,66,Salta,66091,La Poma,1738,423,-24.177035,-66.216048,4037.5319776807
2021,66098,98,8133,114,1,0,1,0,0,37,5,3,4,11,14,76,19,57,0,66,Salta,66098,La Viña,7435,1869,-25.440848,-65.581844,2079.2220548644
2021,66105,127,6882,55,2,0,2,1,0,28,2,6,4,7,9,24,11,13,0,66,Salta,66105,Los Andes,6050,1250,-24.646343,-67.350037,25741.879001369
2021,66112,629,43947,385,2,2,0,2,4,102,10,10,14,15,53,275,88,187,2,66,Salta,66112,Metán,40351,10128,-25.432387,-64.598778,5190.2157569278
2021,66119,60,5974,40,1,1,0,1,0,11,2,1,3,2,3,27,5,22,0,66,Salta,66119,Molinos,5652,1191,-25.61471,-66.455509,3489.8508828027
2021,66126,2859,164544,1011,27,19,8,3,6,396,27,53,59,84,173,579,207,372,2,66,Salta,66126,Orán,138838,31859,-23.489636,-64.152803,11826.25819
2021,66133,966,35499,208,7,5,2,3,8,96,12,9,13,24,38,94,34,60,0,66,Salta,66133,Rivadavia,30357,7154,-23.52053,-62.82821,26071.405867667
2021,66140,429,31560,307,4,3,1,0,0,96,5,7,13,20,51,207,57,150,2,66,Salta,66140,Rosario de la Frontera,28993,7803,-25.879394,-64.728602,5170.5580596489
2021,66147,635,46467,334,2,1,1,1,0,101,8,7,15,25,46,230,73,157,0,66,Salta,66147,Rosario de Lerma,38702,8968,-24.534301,-65.85031,4918.873077
2021,66154,68,7077,69,1,1,0,0,0,19,1,2,3,3,10,49,14,35,0,66,Salta,66154,San Carlos,7016,1652,-25.822771,-66.149529,5324.3350382125
2021,66161,102,9777,56,2,2,0,4,0,14,1,3,0,4,6,36,9,27,0,66,Salta,66161,Santa Victoria,10344,2545,-22.361294,-64.892225,4110.0784353579
2021,74007,273,22266,213,5,3,2,2,0,59,5,3,8,16,27,147,45,102,0,74,San Luis,74007,Ayacucho,19087,5534,-32.202849,-66.534066,9320.7569732985
2021,74014,56,4298,63,0,0,0,0,0,12,2,0,0,6,4,51,23,28,0,74,San Luis,74014,Belgrano,3985,1294,-32.779432,-66.713012,6839.1808128336
2021,74021,169,14391,162,3,3,0,0,1,41,0,2,7,8,24,117,43,74,0,74,San Luis,74021,Coronel Pringles,13157,4055,-33.175826,-65.919586,4071.3621429348
2021,74028,234,24040,256,2,2,0,0,0,64,3,3,9,11,38,190,67,123,0,74,San Luis,74028,Chacabuco,20744,6417,-32.7374,-65.201875,2785.1867213903
2021,74035,1858,147044,1448,19,11,8,3,7,440,22,32,66,95,225,979,343,636,2,74,San Luis,74035,General Pedernera,125899,36992,-33.926868,-65.540127,13933.288277641
2021,74042,152,12942,128,0,0,0,0,0,36,2,3,5,10,16,92,25,67,0,74,San Luis,74042,Gobernador Dupuy,11779,3508,-35.333867,-65.835872,19281.266807042
2021,74049,388,39111,381,2,2,0,1,2,100,5,4,13,22,56,276,92,184,0,74,San Luis,74049,Junín,28933,9033,-32.212167,-65.397175,2360.8144693655
2021,74056,2763,246175,1934,24,17,7,3,5,558,24,44,75,135,280,1344,484,860,0,74,San Luis,74056,La Capital,204019,58559,-33.820992,-66.513154,12951.945055728
2021,74063,43,4343,48,0,0,0,0,1,8,0,1,0,0,7,39,15,24,0,74,San Luis,74063,Libertador General San Martín,4707,1530,-32.602947,-65.70536,3516.0071910066
2021,78007,167,15243,108,0,0,0,1,1,39,4,1,5,10,19,67,28,39,0,78,Santa Cruz,78007,Corpen Aike,11093,3481,-49.948131,-69.448407,26265.751862307
2021,78014,1541,153063,876,9,7,2,3,4,355,14,42,50,89,160,505,206,299,1,78,Santa Cruz,78014,Deseado,107630,32187,-47.33253,-68.031349,62970.248541958
2021,78021,1225,141917,959,12,10,2,2,8,333,13,18,58,87,157,604,229,375,0,78,Santa Cruz,78021,Güer Aike,113267,33809,-51.411934,-70.563108,33578.761865608
2021,78028,272,31688,119,2,2,0,0,0,48,4,5,5,9,25,69,23,46,0,78,Santa Cruz,78028,Lago Argentino,18864,5512,-49.840499,-72.070239,38568.404958703
2021,78035,135,12065,71,1,1,0,0,0,28,3,3,4,11,7,42,14,28,1,78,Santa Cruz,78035,Lago Buenos Aires,8750,2571,-46.836707,-70.638883,28718.870584509
2021,78042,134,12711,97,2,1,1,1,0,31,1,4,2,7,17,63,19,44,0,78,Santa Cruz,78042,Magallanes,9202,2807,-48.838632,-68.469252,20348.362476298
2021,78049,38,8069,31,0,0,0,0,1,14,0,4,4,4,2,16,10,6,0,78,Santa Cruz,78049,Río Chico,5158,1429,-48.294652,-71.121726,34038.608770776
2021,82007,550,52086,582,3,3,0,0,3,152,6,10,19,46,71,424,116,308,0,82,Santa Fe,82007,Belgrano,44788,14481,-32.610466,-61.704712,2449.3867984104
2021,82014,920,89812,1155,10,6,4,2,4,247,10,12,32,50,143,892,239,653,1,82,Santa Fe,82014,Caseros,82100,27951,-33.221446,-61.532968,3474.5798951751
2021,82021,2147,208542,2017,20,17,3,0,6,527,23,25,65,134,280,1463,425,1038,1,82,Santa Fe,82021,Castellanos,178092,56560,-31.23135,-61.657073,6726.2690201793
2021,82028,967,97346,925,8,5,3,0,3,208,10,10,23,54,111,706,206,500,0,82,Santa Fe,82028,Constitución,86910,27693,-33.484507,-60.880705,3386.1741846493
2021,82035,368,23566,181,3,3,0,3,0,64,3,2,9,12,38,111,41,70,0,82,Santa Fe,82035,Garay,20890,5860,-31.055551,-60.129325,4008.3753114148
2021,82042,2252,213608,2475,21,18,3,2,5,552,29,42,67,132,282,1895,520,1375,3,82,Santa Fe,82042,General López,191024,64397,-33.932901,-61.951153,11368.83886
2021,82049,2601,201445,1708,17,11,6,8,4,533,21,56,71,125,260,1146,390,756,3,82,Santa Fe,82049,General Obligado,176410,49969,-28.672362,-59.526442,11046.625589848
2021,82056,902,72429,884,10,7,3,2,1,205,9,10,24,42,120,666,172,494,1,82,Santa Fe,82056,Iriondo,66675,21896,-32.706041,-61.273422,3220.0393609156
2021,82063,6983,588016,5825,52,33,19,16,16,1629,98,97,211,412,811,4111,1318,2793,3,82,Santa Fe,82063,La Capital,525093,165133,-31.474027,-60.668553,2969.7711021363
2021,82070,1312,124160,1239,8,8,0,1,4,277,19,15,28,73,142,949,240,709,0,82,Santa Fe,82070,Las Colonias,104946,34327,-31.315302,-61.109435,6301.3723794845
2021,82077,484,33886,300,6,6,0,1,0,92,9,10,9,23,41,201,68,133,0,82,Santa Fe,82077,9 de Julio,29832,8744,-28.848831,-61.397954,17332.054526498
2021,82084,16495,1297681,14506,116,83,33,18,32,3665,180,313,452,874,1846,10675,3091,7584,9,82,Santa Fe,82084,Rosario,1193605,392533,-33.129294,-60.709189,1838.6491989304
2021,82091,778,77917,778,5,3,2,2,3,211,14,19,27,52,99,557,179,378,1,82,Santa Fe,82091,San Cristóbal,68878,21776,-30.230597,-61.363354,14745.577449776
2021,82098,529,34313,341,8,7,1,1,1,110,14,9,13,19,55,221,75,146,1,82,Santa Fe,82098,San Javier,30959,9103,-30.104741,-59.897327,6716.4346431748
2021,82105,1000,90720,1076,9,8,1,3,2,266,21,13,30,61,141,796,210,586,1,82,Santa Fe,82105,San Jerónimo,80840,25662,-32.153368,-61.048053,4437.1876023382
2021,82112,564,44247,537,4,3,1,1,1,116,9,9,11,26,61,415,124,291,0,82,Santa Fe,82112,San Justo,40904,13113,-30.53041,-60.488665,5612.5250077568
2021,82119,2540,187140,1962,19,16,3,5,7,567,28,44,82,126,287,1364,484,880,0,82,Santa Fe,82119,San Lorenzo,157255,48350,-32.944783,-60.963557,2003.4954275843
2021,82126,773,71372,769,5,4,1,0,2,162,3,7,16,47,89,600,160,440,0,82,Santa Fe,82126,San Martín,63842,21473,-32.012282,-61.808251,4929.8443409216
2021,82133,810,55104,584,9,9,0,4,0,182,10,14,26,51,81,389,150,239,1,82,Santa Fe,82133,Vera,51494,14756,-28.971078,-60.413323,20701.470467857
2021,86007,99,8585,71,0,0,0,0,0,28,1,1,6,9,11,43,14,29,0,86,Santiago del Estero,86007,Aguirre,7610,2087,-29.289486,-62.510543,3901.7189998694
2021,86014,295,19997,135,0,0,0,1,3,50,0,3,10,11,26,81,26,55,0,86,Santiago del Estero,86014,Alberdi,17252,3980,-26.539862,-62.730954,12924.109450237
2021,86021,232,12784,89,2,2,0,0,1,25,3,1,6,7,8,61,18,43,0,86,Santiago del Estero,86021,Atamisqui,10923,2520,-28.684508,-63.869749,2487.820452
2021,86028,63,23158,52,0,0,0,0,1,17,1,0,7,3,6,34,7,27,0,86,Santiago del Estero,86028,Avellaneda,20763,4897,-28.54682,-63.205598,3773.5890225309
2021,86035,2316,165419,1538,15,10,5,4,7,512,21,34,87,130,240,1000,340,660,3,86,Santiago del Estero,86035,Banda,142279,35244,-27.450361,-64.180872,3711.4377287152
2021,86042,133,11332,88,1,1,0,1,0,31,2,2,2,6,19,55,15,40,1,86,Santiago del Estero,86042,Belgrano,9243,2473,-29.083613,-62.21859,3250.1835478124
2021,86049,3944,301019,2788,37,29,8,7,9,850,35,80,144,221,370,1885,699,1186,9,86,Santiago del Estero,86049,Capital,267125,68793,-27.88744,-64.432915,2130.5108617718
2021,86056,471,38671,251,3,2,1,1,2,98,5,4,14,26,49,147,54,93,1,86,Santiago del Estero,86056,Copo,31404,7522,-25.947886,-62.739566,13497.431123751
2021,86063,443,36637,400,4,2,2,0,4,106,4,9,15,27,51,286,96,190,2,86,Santiago del Estero,86063,Choya,34667,9465,-28.620453,-64.744552,4525.0238379782
2021,86070,273,18582,137,0,0,0,1,0,52,6,6,9,13,18,84,22,62,1,86,Santiago del Estero,86070,Figueroa,17820,4084,-27.314496,-63.565643,6453.0687920279
2021,86077,811,40732,408,2,2,0,0,1,126,8,16,14,37,51,279,112,167,0,86,Santiago del Estero,86077,General Taboada,38105,9073,-28.57072,-62.341362,6199.7919728623
2021,86084,84,7997,67,0,0,0,0,0,16,0,2,4,3,7,51,20,31,0,86,Santiago del Estero,86084,Guasayán,7602,1950,-27.97229,-64.873948,2707.0952459472
2021,86091,173,16316,92,2,2,0,0,1,31,3,4,5,9,10,58,18,40,1,86,Santiago del Estero,86091,Jiménez,14352,3586,-26.904178,-64.274407,5764.6153813029
2021,86098,315,19912,158,1,1,0,0,4,65,5,2,14,12,32,88,30,58,0,86,Santiago del Estero,86098,Juan F. Ibarra,18051,4180,-28.038248,-62.546118,9212.3773501024
2021,86105,354,24190,171,1,1,0,0,0,50,1,5,5,9,30,120,44,76,1,86,Santiago del Estero,86105,Loreto,20036,4782,-28.607068,-64.308398,3091.7508898175
2021,86112,14,2038,9,0,0,0,0,0,3,0,1,0,0,2,6,3,3,0,86,Santiago del Estero,86112,Mitre,1890,536,-29.582078,-62.732874,3373.318442
2021,86119,646,38706,290,2,0,2,0,1,101,5,8,11,25,52,186,67,119,1,86,Santiago del Estero,86119,Moreno,32130,7467,-27.308438,-62.464501,16296.359415942
2021,86126,126,15186,144,5,2,3,1,1,45,7,3,9,10,16,92,31,61,0,86,Santiago del Estero,86126,Ojo de Agua,14008,3784,-29.301211,-63.99306,6446.2974987844
2021,86133,368,22304,144,1,0,1,0,1,40,2,3,9,13,13,102,23,79,0,86,Santiago del Estero,86133,Pellegrini,20514,5296,-26.213152,-64.093987,6931.0799964648
2021,86140,109,10077,105,0,0,0,0,2,31,2,0,3,8,18,72,25,47,0,86,Santiago del Estero,86140,Quebrachos,10568,2807,-29.371983,-63.351946,3770.6163188345
2021,86147,1046,61764,378,8,5,3,2,2,132,8,11,25,37,51,234,77,157,1,86,Santiago del Estero,86147,Río Hondo,54867,13567,-27.481182,-64.756553,1984.3944491023
2021,86154,34,5246,40,1,0,1,0,0,18,1,2,2,4,9,21,11,10,0,86,Santiago del Estero,86154,Rivadavia,5015,1468,-29.984298,-62.285117,3156.1612172302
2021,86161,618,51565,339,2,2,0,2,0,125,4,11,14,32,64,210,84,126,4,86,Santiago del Estero,86161,Robles,44415,10609,-27.849953,-63.908161,1354.7717708588
2021,86168,156,12204,61,0,0,0,0,2,18,2,1,1,4,10,41,21,20,1,86,Santiago del Estero,86168,Salavina,11217,2718,-28.923083,-63.298275,3120.5590739264
2021,86175,140,11019,81,1,0,1,0,1,21,3,1,3,7,7,58,24,34,0,86,Santiago del Estero,86175,San Martín,9831,2261,-28.18646,-63.856429,1826.6484612206
2021,86182,47,4784,42,1,0,1,0,0,11,1,1,1,2,6,30,14,16,0,86,Santiago del Estero,86182,Sarmiento,4607,1057,-28.093428,-63.455241,1627.346271
2021,86189,78,8021,75,1,0,1,0,0,22,1,0,5,8,8,52,19,33,0,86,Santiago del Estero,86189,Silípica,7712,1819,-28.183472,-64.276197,1138.986417
2021,90007,680,45927,388,7,7,0,2,1,147,4,14,19,25,85,231,83,148,1,90,Tucumán,90007,Burruyacú,36951,8807,-26.524139,-64.822008,3669.9071099911
2021,90014,3162,223148,1712,35,31,4,7,5,564,31,43,84,145,261,1101,445,656,1,90,Tucumán,90014,Cruz Alta,180499,42757,-26.916411,-64.978985,1187.4321395434
2021,90021,1187,95570,864,11,8,3,3,4,247,24,23,40,57,103,599,227,372,3,90,Tucumán,90021,Chicligasta,80735,19864,-27.273186,-65.805093,1281.7781117041
2021,90028,654,42813,313,8,5,3,1,0,102,4,11,14,20,53,202,80,122,1,90,Tucumán,90028,Famaillá,34542,8019,-26.978143,-65.470619,436.35916868679
2021,90035,182,15299,129,0,0,0,1,2,38,6,4,3,6,19,88,34,54,0,90,Tucumán,90035,Graneros,13551,3481,-27.712242,-65.253228,1724.5057414072
2021,90042,471,35703,328,2,1,1,1,2,118,9,7,21,32,49,205,84,121,1,90,Tucumán,90042,Juan B. Alberdi,30237,7554,-27.611312,-65.781966,710.72297156612
2021,90049,308,22479,182,1,1,0,0,3,71,11,6,7,10,37,107,44,63,0,90,Tucumán,90049,La Cocha,19002,4607,-27.79337,-65.597762,928.10896583036
2021,90056,829,63575,552,2,0,2,1,1,158,7,12,18,42,79,390,148,242,0,90,Tucumán,90056,Leales,54949,13663,-27.190949,-65.086324,2003.5236526477
2021,90063,1017,91554,518,12,9,3,0,1,155,15,19,17,41,63,350,158,192,1,90,Tucumán,90063,Lules,68474,16361,-26.864387,-65.420234,552.50613883499
2021,90070,911,76303,611,12,9,3,0,2,184,17,20,27,32,88,413,155,258,2,90,Tucumán,90070,Monteros,63641,15944,-27.107772,-65.6422,1227.6562132466
2021,90077,811,67310,571,8,8,0,1,1,183,12,15,23,43,90,378,165,213,3,90,Tucumán,90077,Río Chico,56847,14088,-27.456131,-65.756467,646.64861960369
2021,90084,7530,609681,6088,77,56,21,13,17,1563,81,149,242,364,727,4418,1463,2955,5,90,Tucumán,90084,Capital,548866,148773,-26.833202,-65.217462,90.134785022581
2021,90091,412,34613,350,6,4,2,1,3,97,8,8,21,20,40,243,82,161,0,90,Tucumán,90091,Simoca,30876,7875,-27.424738,-65.290332,1319.7114048143
2021,90098,191,17708,203,2,2,0,0,1,59,0,8,11,11,29,141,47,94,0,90,Tucumán,90098,Tafí del Valle,14933,3972,-26.600241,-65.882331,2785.134394
2021,90105,2025,152557,1210,16,13,3,1,7,415,22,42,62,105,184,771,293,478,1,90,Tucumán,90105,Tafí Viejo,121638,29772,-26.661462,-65.445837,1139.0787124536
2021,90112,317,21710,174,6,5,1,0,1,46,3,3,5,7,28,121,36,85,1,90,Tucumán,90112,Trancas,17371,4441,-26.341251,-65.405006,3068.1402915144
2021,90119,1258,98537,633,10,8,2,0,2,210,16,21,25,49,99,411,167,244,4,90,Tucumán,90119,Yerba Buena,75076,18560,-26.790168,-65.345314,149.16414754969
2021,94007,1022,98277,470,4,3,1,2,2,184,11,14,17,40,102,278,129,149,0,94,"Tierra del Fuego, Antártida e Islas del Atlántico Sur",94007,Río Grande,70042,21410,-54.028449,-67.898773,11767.49078
2021,94014,716,79129,360,5,5,0,1,2,141,5,15,13,40,68,211,90,121,0,94,"Tierra del Fuego, Antártida e Islas del Atlántico Sur",94014,Ushuaia,56956,17538,-54.749223,-66.735891,8910.1852388051
2021,06217,447,47141,426,1,0,1,1,0,99,7,8,16,20,48,325,84,241,1,06,Buenos Aires,06217,Chascomús,42277,13903,-35.676585,-57.901497,4209.9806941329
2021,02001,2186,257235,2314,13,7,6,3,10,545,11,41,70,135,288,1742,459,1283,1,02,Ciudad Autónoma de Buenos Aires,02001,Comuna 1,205886,84468,-34.606365,-58.371709,17.774343610998
2021,02002,1380,149371,1885,6,5,1,1,1,208,2,7,23,53,123,1669,263,1406,1,02,Ciudad Autónoma de Buenos Aires,02002,Comuna 2,157932,73156,-34.585876,-58.394997,6.2761484446208
2021,02003,1715,193425,2334,13,11,2,3,4,432,7,30,52,108,235,1882,492,1390,0,02,Ciudad Autónoma de Buenos Aires,02003,Comuna 3,187537,80489,-34.613826,-58.402686,6.3860399512473
2021,02004,2280,240437,2323,10,7,3,3,5,569,16,40,55,166,292,1735,535,1200,1,02,Ciudad Autónoma de Buenos Aires,02004,Comuna 4,218245,76455,-34.642292,-58.38886,21.694409834743
2021,02005,2207,187670,6,4,2,4,4,0,340,5,22,34,88,191,1856,444,1412,0,02,Ciudad Autónoma de Buenos Aires,02005,Comuna 5,179005,76846,-34.617353,-58.420607,6.6597992407272
2021,02006,1284,185620,2104,3,2,1,1,2,284,6,7,22,67,182,1813,342,1471,0,02,Ciudad Autónoma de Buenos Aires,02006,Comuna 6,176076,75189,-34.616826,-58.443603,6.8509481740965
2021,02007,2129,242188,2577,13,8,5,9,5,511,16,32,62,124,277,2039,498,1541,2,02,Ciudad Autónoma de Buenos Aires,02007,Comuna 7,220591,81483,-34.63654,-58.451924,12.425128513625
2021,02008,2280,229541,1962,15,13,2,3,5,528,16,29,51,152,280,1411,442,969,0,02,Ciudad Autónoma de Buenos Aires,02008,Comuna 8,187237,58204,-34.674505,-58.462084,22.301591470819
2021,02009,1360,171444,2087,10,7,3,3,3,420,6,17,40,102,255,1650,386,1264,1,02,Ciudad Autónoma de Buenos Aires,02009,Comuna 9,161797,56495,-34.651716,-58.499097,16.502346818172
2021,02010,1182,170677,2068,4,4,0,3,2,335,4,11,30,88,202,1723,426,1297,0,02,Ciudad Autónoma de Buenos Aires,02010,Comuna 10,166022,61453,-34.627828,-58.502834,12.639610477106
2021,02011,1305,190105,2253,1,1,0,2,1,325,4,13,45,74,189,1924,422,1502,0,02,Ciudad Autónoma de Buenos Aires,02011,Comuna 11,189832,71460,-34.606116,-58.496823,14.091316091303
2021,02012,1626,215002,2319,9,6,3,2,3,336,3,7,24,89,213,1969,448,1521,0,02,Ciudad Autónoma de Buenos Aires,02012,Comuna 12,200116,78547,-34.566312,-58.490417,15.56394525
2021,02013,1906,236468,2643,3,2,1,1,3,308,5,9,29,81,184,2328,390,1938,0,02,Ciudad Autónoma de Buenos Aires,02013,Comuna 13,231331,100506,-34.554661,-58.454147,14.578360412279
2021,02014,2076,227168,2514,4,3,1,0,0,313,5,13,30,85,180,2197,387,1810,0,02,Ciudad Autónoma de Buenos Aires,02014,Comuna 14,225970,102918,-34.573901,-58.422436,15.774189881943
2021,02015,1406,182485,2093,2,2,0,2,3,371,8,10,38,100,215,1715,398,1317,1,02,Ciudad Autónoma de Buenos Aires,02015,Comuna 15,182574,72465,-34.591865,-58.462809,14.322755759084
