Año de registro,Código de departamento,habitantes,nacidos vivos,Defunciones totales,Defunciones de menores de 1 año,Defunciones neonatales,Defunciones de menores de 1 año posneonatales,Defunciones de 1 a 4 años,Defunciones de 5 a 14 años,Defunciones de 15 a 64 años,Defunciones de 15 a 24 años,Defunciones de 25 a 34 años,Defunciones de 35 a 44 años,Defunciones de 45 a 54 años,Defunciones de 55 a 64 años,Defunciones de 65 años y más,Defunciones de 65 a 74 años,Defunciones de 75 años y más,Defunciones maternas,Código de provincia,Nombre de provincia,Código de departamentos/comuna,Nombre de departamentos/comuna,Población total,Total de hogares,Latitud del centroide,Longitud del centroide,Superficie en km2
2018,02001,254408,2829,1880,18,10,8,5,3,410,26,36,61,85,202,1444,317,1127,1,02,Ciudad Autónoma de Buenos Aires,02001,Comuna 1,205886,84468,-34.606365,-58.371709,17.774343610998
2018,02002,149607,1598,1548,9,8,1,0,1,147,2,10,12,27,96,1391,239,1152,0,02,Ciudad Autónoma de Buenos Aires,02002,Comuna 2,157932,73156,-34.585876,-58.394997,6.2761484446208
2018,02003,192945,2184,1844,10,7,3,3,2,327,12,30,46,86,153,1502,328,1174,0,02,Ciudad Autónoma de Buenos Aires,02003,Comuna 3,187537,80489,-34.613826,-58.402686,6.3860399512473
2018,02004,239279,3314,2016,23,18,5,4,9,415,20,31,52,117,195,1565,395,1170,2,02,Ciudad Autónoma de Buenos Aires,02004,Comuna 4,218245,76455,-34.642292,-58.38886,21.694409834743
2018,02005,187159,1745,1808,6,3,3,4,1,261,6,18,35,57,145,1536,322,1214,0,02,Ciudad Autónoma de Buenos Aires,02005,Comuna 5,179005,76846,-34.617353,-58.420607,6.6597992407272
2018,02006,185067,1764,1776,12,11,1,0,1,223,4,14,23,59,123,1540,266,1274,0,02,Ciudad Autónoma de Buenos Aires,02006,Comuna 6,176076,75189,-34.616826,-58.443603,6.8509481740965
2018,02007,241065,2983,2129,12,10,2,7,8,387,15,22,50,91,209,1715,374,1341,1,02,Ciudad Autónoma de Buenos Aires,02007,Comuna 7,220591,81483,-34.63654,-58.451924,12.425128513625
2018,02008,227495,3138,1389,24,16,8,6,5,358,30,32,42,98,156,996,254,742,1,02,Ciudad Autónoma de Buenos Aires,02008,Comuna 8,187237,58204,-34.674505,-58.462084,22.301591470819
2018,02009,170842,1998,1724,20,16,4,3,5,287,7,20,37,75,148,1409,321,1088,1,02,Ciudad Autónoma de Buenos Aires,02009,Comuna 9,161797,56495,-34.651716,-58.499097,16.502346818172
2018,02010,170394,1632,1705,8,6,2,2,6,249,12,10,33,66,128,1440,306,1134,0,02,Ciudad Autónoma de Buenos Aires,02010,Comuna 10,166022,61453,-34.627828,-58.502834,12.639610477106
2018,02011,190016,1798,1925,7,5,2,3,1,245,5,9,23,62,146,1669,328,1341,1,02,Ciudad Autónoma de Buenos Aires,02011,Comuna 11,189832,71460,-34.606116,-58.496823,14.091316091303
2018,02012,214229,2293,1947,14,11,3,3,2,272,3,11,26,69,163,1656,320,1336,0,02,Ciudad Autónoma de Buenos Aires,02012,Comuna 12,200116,78547,-34.566312,-58.490417,15.56394525
2018,02013,236107,2449,2156,11,8,3,4,2,254,11,5,28,59,151,1885,309,1576,0,02,Ciudad Autónoma de Buenos Aires,02013,Comuna 13,231331,100506,-34.554661,-58.454147,14.578360412279
2018,02014,227003,2577,2086,10,5,5,1,1,276,10,13,30,60,163,1798,307,1491,0,02,Ciudad Autónoma de Buenos Aires,02014,Comuna 14,225970,102918,-34.573901,-58.422436,15.774189881943
2018,02015,182427,2112,1807,13,10,3,3,1,245,5,6,25,53,156,1545,294,1251,0,02,Ciudad Autónoma de Buenos Aires,02015,Comuna 15,182574,72465,-34.591865,-58.462809,14.322755759084
2018,06007,17433,195,158,2,1,1,0,0,28,1,0,4,9,14,128,32,96,0,06,Buenos Aires,06007,Adolfo Alsina,17072,6237,-37.19715,-63.055734,5881.6016818426
2018,06014,11968,120,113,3,2,1,0,1,23,2,1,1,5,14,86,12,74,0,06,Buenos Aires,06014,Adolfo Gonzales Chaves,12047,4199,-37.964953,-60.248503,3787.3253021622
2018,06021,10948,125,109,0,0,0,0,0,20,2,2,4,4,8,89,22,67,0,06,Buenos Aires,06021,Alberti,10654,3828,-35.037399,-60.281935,1120.8296510606
2018,06028,590418,8742,4546,91,61,30,18,14,1212,66,89,162,286,609,3211,1054,2157,2,06,Buenos Aires,06028,Almirante Brown,552902,156918,-34.835652,-58.367491,129.09955004521
2018,06035,354314,5057,3913,52,33,19,14,10,826,46,62,95,202,421,3011,816,2195,1,06,Buenos Aires,06035,Avellaneda,342677,113142,-34.677494,-58.341212,57.205727694956
2018,06042,21143,281,196,4,1,3,0,1,33,1,7,0,8,17,158,42,116,0,06,Buenos Aires,06042,Ayacucho,20337,6967,-37.035506,-58.442178,6752.832617
2018,06049,67321,953,713,8,6,2,2,4,150,12,14,18,34,72,549,136,413,0,06,Buenos Aires,06049,Azul,65280,22020,-36.786351,-59.696285,6531.6422961007
2018,06056,308982,4395,3016,27,20,7,5,11,577,37,33,69,125,313,2396,587,1809,2,06,Buenos Aires,06056,Bahía Blanca,301572,105342,-38.584442,-62.169171,2282.9893890351
2018,06063,45408,649,436,4,3,1,0,0,62,3,6,4,15,34,370,77,293,0,06,Buenos Aires,06063,Balcarce,43823,14720,-37.71478,-58.271428,4124.2871550325
2018,06070,35701,492,318,1,0,1,1,1,81,7,8,11,17,38,234,60,174,0,06,Buenos Aires,06070,Baradero,32761,10416,-33.933493,-59.492828,1522.1592925498
2018,06077,30936,451,283,6,3,3,1,1,56,2,5,10,8,31,219,45,174,0,06,Buenos Aires,06077,Arrecifes,29044,9546,-34.011969,-60.062255,1241.310341
2018,06084,20513,282,216,6,1,5,0,1,48,0,4,9,10,25,161,34,127,0,06,Buenos Aires,06084,Benito Juárez,20239,6786,-37.586587,-59.887536,5350.3389029415
2018,06091,358262,5025,2407,42,29,13,6,9,681,39,52,81,169,340,1669,538,1131,0,06,Buenos Aires,06091,Berazategui,324244,93164,-34.817957,-58.1552,220.22247885529
2018,06098,95259,1420,813,3,2,1,4,1,219,12,14,26,60,107,586,175,411,1,06,Buenos Aires,06098,Berisso,88470,27449,-34.909179,-57.828346,145.46195609836
2018,06105,35684,502,415,6,5,1,0,2,79,3,8,6,18,44,328,94,234,0,06,Buenos Aires,06105,Bolívar,34190,12002,-36.298984,-61.149142,4932.4518586748
2018,06112,42062,510,443,3,1,2,0,1,82,5,4,8,20,45,357,94,263,0,06,Buenos Aires,06112,Bragado,41336,14291,-35.061673,-60.603935,2199.2662552269
2018,06119,30164,451,243,8,6,2,1,0,59,6,11,3,13,26,175,58,117,1,06,Buenos Aires,06119,Brandsen,26367,8324,-35.222502,-58.175607,1119.206656
2018,06126,103565,1561,681,14,12,2,1,5,172,22,10,20,25,95,489,127,362,0,06,Buenos Aires,06126,Campana,94461,28111,-34.138037,-58.882509,989.48596400721
2018,06134,60867,1055,355,11,5,6,4,3,98,8,9,9,14,58,239,71,168,0,06,Buenos Aires,06134,Cañuelas,51892,15312,-35.14544,-58.69045,1185.4820002929
2018,06140,16044,186,139,0,0,0,0,0,26,5,1,2,8,10,113,28,85,0,06,Buenos Aires,06140,Capitán Sarmiento,14494,4672,-34.150076,-59.854115,548.25864428049
2018,06147,23459,333,208,3,1,2,0,0,48,4,3,11,11,19,157,38,119,0,06,Buenos Aires,06147,Carlos Casares,22237,7775,-35.749876,-61.373289,2522.3602120298
2018,06154,11672,123,94,2,2,0,0,0,9,0,2,0,2,5,83,18,65,0,06,Buenos Aires,06154,Carlos Tejedor,11570,3976,-35.380143,-62.428925,3913.6989425506
2018,06161,15418,250,131,2,0,2,0,0,24,1,2,4,7,10,105,26,79,0,06,Buenos Aires,06161,Carmen de Areco,14692,4631,-34.407109,-59.883614,1061.9302621349
2018,06168,8595,120,79,3,2,1,1,0,20,1,1,2,9,7,55,17,38,0,06,Buenos Aires,06168,Castelli,8205,2721,-36.042066,-57.656424,2110.6650547708
2018,06175,26697,360,252,3,2,1,1,2,53,10,8,2,11,22,193,45,148,0,06,Buenos Aires,06175,Colón,24890,8191,-33.88634,-61.061845,994.58489649639
2018,06182,63358,805,428,5,5,0,1,1,91,3,10,5,24,49,330,97,233,1,06,Buenos Aires,06182,Coronel de Marina Leonardo Rosales,62152,19424,-38.848345,-61.835418,1283.767066
2018,06189,15359,190,194,0,0,0,0,1,31,1,6,3,4,17,162,40,122,0,06,Buenos Aires,06189,Coronel Dorrego,15825,5689,-38.671343,-61.094459,5861.4840468022
2018,06196,22368,340,238,1,0,1,0,1,45,3,4,3,7,28,191,50,141,0,06,Buenos Aires,06196,Coronel Pringles,22933,8097,-38.147693,-61.26406,5258.1681148911
2018,06203,40001,441,389,0,0,0,2,0,70,4,2,7,18,39,317,69,248,0,06,Buenos Aires,06203,Coronel Suárez,38320,13451,-37.535378,-61.88908,5990.2133678829
2018,06210,51962,644,491,7,4,3,1,1,88,4,6,13,17,48,394,98,296,1,06,Buenos Aires,06210,Chacabuco,48703,16496,-34.61865,-60.353949,2293.3309303181
2018,06217,45958,673,387,9,6,3,3,1,79,4,10,7,12,46,295,72,223,0,06,Buenos Aires,06217,Chascomús,42277,13903,-35.676585,-57.901497,4209.9806941329
2018,06224,67705,939,645,7,3,4,2,5,129,9,14,23,18,65,502,101,401,0,06,Buenos Aires,06224,Chivilcoy,64185,22083,-34.915668,-59.958061,2058.3909621848
2018,06231,17979,253,157,1,1,0,0,0,43,5,1,4,12,21,113,34,79,0,06,Buenos Aires,06231,Daireaux,16889,5479,-36.64119,-61.890258,3821.2715601532
2018,06238,28438,469,327,5,3,2,0,1,77,3,2,14,19,39,244,70,174,1,06,Buenos Aires,06238,Dolores,27042,9004,-36.399327,-57.631587,1973.4488260841
2018,06245,60903,880,522,13,9,4,1,1,148,3,10,17,38,80,359,107,252,0,06,Buenos Aires,06245,Ensenada,56729,17443,-34.842273,-57.979058,113.19901850581
2018,06252,247385,4026,1361,30,17,13,7,5,411,24,32,57,83,215,908,307,601,3,06,Buenos Aires,06252,Escobar,213619,59981,-34.329277,-58.771052,302.01308043809
2018,06260,358342,5687,1878,57,41,16,11,6,570,49,55,74,130,262,1234,444,790,3,06,Buenos Aires,06260,Esteban Echeverría,300959,85952,-34.831195,-58.476972,121.44739021046
2018,06266,35287,600,222,5,4,1,2,2,55,2,4,6,14,29,158,47,111,0,06,Buenos Aires,06266,Exaltación de la Cruz,29805,9101,-34.295544,-59.155428,635.01204915084
2018,06270,208615,3462,963,34,22,12,2,10,319,21,36,49,61,152,598,214,384,6,06,Buenos Aires,06270,Ezeiza,163722,44487,-34.875807,-58.564842,237.15767074411
2018,06274,500225,8963,2435,85,66,19,13,19,813,62,70,118,201,362,1505,618,887,2,06,Buenos Aires,06274,Florencio Varela,426005,113135,-34.877472,-58.258667,189.80081065599
2018,06277,9510,119,68,0,0,0,0,2,19,2,0,2,7,8,47,9,38,0,06,Buenos Aires,06277,Florentino Ameghino,8869,2986,-34.874298,-62.401179,1810.6102085809
2018,06280,43334,543,300,4,1,3,0,0,58,1,4,9,14,30,238,72,166,0,06,Buenos Aires,06280,General Alvarado,39594,12732,-38.203429,-58.07129,1634.8973988228
2018,06287,11433,121,98,3,1,2,1,0,24,6,2,3,6,7,70,24,46,0,06,Buenos Aires,06287,General Alvear,11130,3308,-36.035101,-60.132639,3371.8503271315
2018,06294,15058,187,161,1,1,0,0,0,34,1,2,4,8,19,126,25,101,0,06,Buenos Aires,06294,General Arenales,14903,5327,-34.238495,-61.28224,1482.256375
2018,06301,18949,288,220,5,5,0,1,3,46,7,5,5,7,22,165,40,125,0,06,Buenos Aires,06301,General Belgrano,17365,6008,-35.834252,-58.698506,1860.6470024459
2018,06308,2882,24,20,0,0,0,0,0,2,0,0,1,0,1,18,5,13,0,06,Buenos Aires,06308,General Guido,2816,1005,-36.666536,-57.995185,2326.6411287738
2018,06315,21273,301,183,3,2,1,0,2,43,1,7,6,6,23,135,40,95,0,06,Buenos Aires,06315,General Juan Madariaga,19747,6332,-37.154344,-57.230196,2986.5515395631
2018,06322,10689,170,84,4,4,0,1,0,15,2,1,2,3,7,64,17,47,0,06,Buenos Aires,06322,General La Madrid,10783,3777,-37.356,-61.343374,4813.2879048914
2018,06329,16948,195,117,0,0,0,0,0,25,3,1,6,4,11,92,23,69,0,06,Buenos Aires,06329,General Las Heras,14889,4641,-34.910361,-58.995464,746.62756202058
2018,06336,4318,61,24,0,0,0,0,0,6,0,0,1,1,4,18,5,13,1,06,Buenos Aires,06336,General Lavalle,3700,1176,-36.649391,-56.940515,2720.2511074476
2018,06343,11674,178,106,0,0,0,2,0,23,1,2,1,9,10,81,22,59,0,06,Buenos Aires,06343,General Paz,11202,3782,-35.466547,-58.389385,1198.4808281476
2018,06351,11481,170,101,4,4,0,0,0,19,1,0,2,3,13,78,19,59,0,06,Buenos Aires,06351,General Pinto,11261,3888,-34.670214,-62.039347,2542.0563627075
2018,06357,650332,8741,6742,64,47,17,18,10,1327,65,106,142,309,705,5323,1355,3968,1,06,Buenos Aires,06357,General Pueyrredón,618989,209794,-37.965992,-57.742474,1460.5115444942
2018,06364,105469,2500,685,31,19,12,4,7,249,19,19,34,66,111,394,143,251,0,06,Buenos Aires,06364,General Rodríguez,87185,24926,-34.65136,-58.987926,367.35938562741
2018,06371,423877,5543,4105,44,25,19,12,8,885,42,62,113,217,451,3156,793,2363,1,06,Buenos Aires,06371,General San Martín,414196,133202,-34.552766,-58.56418,56.294059239138
2018,06385,18659,253,184,5,2,3,0,0,36,6,3,4,6,17,143,32,111,0,06,Buenos Aires,06385,General Viamonte,18078,6286,-34.997999,-61.04946,2144.3428390274
2018,06392,32880,447,308,7,4,3,1,2,75,5,4,8,20,38,223,54,169,0,06,Buenos Aires,06392,General Villegas,30864,10342,-34.7706,-62.954968,7254.5043923968
2018,06399,12458,107,97,1,1,0,0,0,14,0,0,1,5,8,82,20,62,0,06,Buenos Aires,06399,Guaminí,11826,4224,-36.891231,-62.417611,4829.5991819626
2018,06406,10148,127,91,1,0,1,0,0,15,1,1,1,2,10,75,19,56,0,06,Buenos Aires,06406,Hipólito Yrigoyen,9585,3295,-36.259607,-61.659247,1645.9695631747
2018,06408,191508,2089,1653,16,11,5,2,7,348,17,22,39,81,189,1280,355,925,1,06,Buenos Aires,06408,Hurlingham,181241,55122,-34.599484,-58.649294,34.881662707889
2018,06410,178670,1816,1387,18,13,5,1,3,301,12,29,37,58,165,1064,318,746,0,06,Buenos Aires,06410,Ituzaingó,167824,51444,-34.636033,-58.688757,38.068221146755
2018,06412,300035,5795,1774,45,27,18,10,15,593,36,53,81,151,272,1111,388,723,3,06,Buenos Aires,06412,José C. Paz,265981,71722,-34.511836,-58.777725,50.164542067385
2018,06413,93274,1479,1094,17,12,5,4,2,216,15,17,20,52,112,855,210,645,0,06,Buenos Aires,06413,Junín,90305,30315,-34.546723,-61.004873,2249.5235870666
2018,06420,76945,1136,723,12,8,4,4,5,194,13,10,22,50,99,508,166,342,2,06,Buenos Aires,06420,La Costa,69633,23949,-36.714707,-56.713692,241.67070160646
2018,06427,2185597,24625,10918,234,152,82,44,28,2833,193,250,390,634,1366,7779,2459,5320,11,06,Buenos Aires,06427,La Matanza,1775816,484909,-34.770346,-58.625586,328.02695379546
2018,06434,462964,5977,4779,51,34,17,6,16,1022,50,63,117,252,540,3684,972,2712,2,06,Buenos Aires,06434,Lanús,459263,149594,-34.705502,-58.394801,50.383662362679
2018,06441,703504,12024,5744,93,61,32,27,24,1280,95,101,161,280,643,4320,1081,3239,0,06,Buenos Aires,06441,La Plata,654324,221313,-35.003993,-58.017741,895.19023611614
2018,06448,10788,160,104,0,0,0,0,0,15,1,0,4,2,8,89,23,66,0,06,Buenos Aires,06448,Laprida,10210,3472,-37.515857,-60.767356,3450.6436524251
2018,06455,24328,320,240,2,1,1,0,0,38,1,5,5,6,21,200,48,152,0,06,Buenos Aires,06455,Las Flores,23871,8213,-36.016148,-59.176421,3343.3951410624
2018,06462,17348,251,175,3,2,1,0,0,31,3,4,4,7,13,141,25,116,0,06,Buenos Aires,06462,Leandro N. Alem,16799,5783,-34.498611,-61.612357,1603.806524
2018,06469,42291,542,414,2,2,0,1,0,82,5,9,7,24,37,329,72,257,0,06,Buenos Aires,06469,Lincoln,41808,14528,-35.070821,-61.682104,5782.5769330031
2018,06476,18166,184,132,3,1,2,0,0,34,0,0,5,10,19,95,24,71,0,06,Buenos Aires,06476,Lobería,17523,5902,-38.090528,-58.693059,4722.6866998298
2018,06483,39239,609,372,7,5,2,3,3,74,1,6,8,16,43,285,64,221,0,06,Buenos Aires,06483,Lobos,36172,11749,-35.219814,-59.145392,1726.79974
2018,06490,643437,11126,5539,101,63,38,26,15,1360,73,113,194,323,657,4037,1157,2880,3,06,Buenos Aires,06490,Lomas de Zamora,616279,188844,-34.754913,-58.424014,88.726391627668
2018,06497,117364,1812,929,10,7,3,5,3,239,13,28,36,53,109,672,182,490,0,06,Buenos Aires,06497,Luján,106273,32524,-34.568201,-59.15858,769.082231
2018,06505,20346,306,130,1,0,1,1,1,32,3,8,1,5,15,95,32,63,0,06,Buenos Aires,06505,Magdalena,19301,5358,-35.185279,-57.685585,1845.6497424196
2018,06511,10357,154,143,0,0,0,0,1,23,5,0,2,5,11,119,32,87,0,06,Buenos Aires,06511,Maipú,10188,3447,-36.887105,-57.585775,2601.0021727225
2018,06515,353281,5280,2353,59,44,15,6,7,649,40,60,86,159,304,1632,587,1045,5,06,Buenos Aires,06515,Malvinas Argentinas,322375,89338,-34.487385,-58.711965,63.00987767
2018,06518,24591,319,146,3,2,1,0,1,32,1,1,2,8,20,110,32,78,0,06,Buenos Aires,06518,Mar Chiquita,21279,7115,-37.499142,-57.642352,3097.0863544841
2018,06525,64174,1171,379,9,5,4,6,2,117,13,7,19,25,53,245,95,150,0,06,Buenos Aires,06525,Marcos Paz,54181,14656,-34.81493,-58.848107,425.87547149713
2018,06532,67030,910,569,13,9,4,1,0,119,13,11,18,18,59,436,115,321,0,06,Buenos Aires,06532,Mercedes,63284,20214,-34.697499,-59.420141,1049.1315987607
2018,06539,591763,9096,3827,100,62,38,13,10,1020,65,87,144,254,470,2684,923,1761,2,06,Buenos Aires,06539,Merlo,528494,147716,-34.710829,-58.742295,174.5608839
2018,06547,23396,299,213,1,1,0,1,0,49,4,5,7,9,24,162,41,121,0,06,Buenos Aires,06547,Monte,21034,6587,-35.509871,-58.766675,1870.7250720898
2018,06553,7230,104,63,0,0,0,0,0,17,0,3,5,5,4,46,11,35,0,06,Buenos Aires,06553,Monte Hermoso,6499,2331,-38.963793,-61.287412,204.24386811279
2018,06560,524675,9238,2745,87,48,39,20,12,917,50,79,147,218,423,1709,641,1068,3,06,Buenos Aires,06560,Moreno,452505,124016,-34.610528,-58.810798,185.49995761462
2018,06568,319674,4262,3776,30,23,7,6,11,759,35,44,79,180,421,2970,765,2205,0,06,Buenos Aires,06568,Morón,321109,106902,-34.649185,-58.619857,55.305917512864
2018,06574,18013,241,146,4,3,1,0,0,26,2,2,2,8,12,116,28,88,0,06,Buenos Aires,06574,Navarro,17054,5321,-35.030805,-59.42936,1618.5347512124
2018,06581,95568,1284,983,9,7,2,1,3,173,9,8,18,41,97,797,164,633,0,06,Buenos Aires,06581,Necochea,92933,31425,-38.25666,-59.166238,4562.900411
2018,06588,48661,704,505,11,6,5,1,1,89,3,9,7,21,49,403,89,314,0,06,Buenos Aires,06588,9 de Julio,47722,16308,-35.481812,-60.974405,4287.2219783791
2018,06595,118715,1464,1063,9,5,4,1,2,227,12,22,26,65,102,824,202,622,1,06,Buenos Aires,06595,Olavarría,111708,36865,-36.857247,-60.669698,7654.5416053627
2018,06602,31708,405,264,4,3,1,0,1,74,2,1,9,20,42,185,44,141,0,06,Buenos Aires,06602,Patagones,30207,10183,-40.197774,-62.843265,13653.572563443
2018,06609,41189,614,448,5,3,2,1,4,86,7,9,2,26,42,352,88,264,0,06,Buenos Aires,06609,Pehuajó,39776,13805,-35.883888,-61.926376,4523.9446099917
2018,06616,6032,111,58,2,1,1,0,0,13,1,0,1,4,7,43,15,28,0,06,Buenos Aires,06616,Pellegrini,5887,2100,-36.27102,-63.225769,1828.9495472536
2018,06623,109145,1531,1136,9,5,4,4,4,197,13,16,32,37,99,922,204,718,1,06,Buenos Aires,06623,Pergamino,104590,34768,-33.836364,-60.54437,3006.0201594553
2018,06630,3909,61,27,1,1,0,0,0,4,0,0,0,2,2,22,11,11,0,06,Buenos Aires,06630,Pila,3640,1215,-36.202951,-58.340086,3454.8904864753
2018,06638,363309,6601,1740,55,35,20,5,12,607,43,55,88,157,264,1061,405,656,4,06,Buenos Aires,06638,Pilar,299077,82671,-34.448872,-58.904048,385.58826058566
2018,06644,30491,586,186,5,3,2,1,1,54,6,4,5,11,28,125,35,90,0,06,Buenos Aires,06644,Pinamar,25728,8205,-37.11047,-56.86888,65.050378099366
2018,06648,101239,2045,550,22,14,8,2,5,184,16,17,31,30,90,337,133,204,3,06,Buenos Aires,06648,Presidente Perón,81141,21422,-34.929786,-58.398061,120.53282824566
2018,06651,15223,144,192,1,1,0,0,0,28,1,2,2,11,12,163,36,127,0,06,Buenos Aires,06651,Puán,15743,6328,-38.076131,-63.057075,6370.8025908299
2018,06655,10463,146,103,2,0,2,0,1,24,0,1,3,3,17,76,17,59,0,06,Buenos Aires,06655,Punta Indio,9888,3413,-35.426923,-57.39859,1612.611169
2018,06658,649480,9738,5755,92,64,28,12,10,1343,95,111,167,316,654,4298,1293,3005,3,06,Buenos Aires,06658,Quilmes,582943,177110,-34.734969,-58.276652,91.951262960272
2018,06665,36902,531,276,6,5,1,3,3,70,6,8,14,15,27,194,64,130,0,06,Buenos Aires,06665,Ramallo,33042,10201,-33.586486,-60.057531,1053.9982178815
2018,06672,16000,204,145,1,1,0,0,0,23,0,2,1,5,15,121,34,87,0,06,Buenos Aires,06672,Rauch,15176,5325,-36.57266,-58.943807,4312.7588553026
2018,06679,16978,290,123,1,0,1,0,0,18,0,1,2,3,12,104,28,76,0,06,Buenos Aires,06679,Rivadavia,17143,5483,-35.581502,-63.094842,3968.0611161322
2018,06686,24203,318,220,2,0,2,0,2,35,3,3,4,3,22,181,40,141,0,06,Buenos Aires,06686,Rojas,23432,8010,-34.193242,-60.787313,2059.7195873827
2018,06693,13587,135,97,2,2,0,0,1,18,1,1,4,4,8,76,15,61,1,06,Buenos Aires,06693,Roque Pérez,12513,4295,-35.481658,-59.357506,1554.433543
2018,06700,21750,232,235,3,2,1,1,1,39,1,2,6,4,26,191,38,153,0,06,Buenos Aires,06700,Saavedra,20749,7315,-37.771644,-62.433776,3539.186044
2018,06707,34705,502,350,0,0,0,1,2,71,3,7,9,18,34,276,57,219,0,06,Buenos Aires,06707,Saladillo,32103,10768,-35.676693,-59.702474,2710.9848008263
2018,06714,36061,369,323,4,3,1,0,1,53,7,4,3,8,31,265,63,202,0,06,Buenos Aires,06714,Salto,32653,10689,-34.271457,-60.30456,1612.3810966139
2018,06721,8789,107,91,1,1,0,0,0,18,0,1,3,5,9,72,17,55,1,06,Buenos Aires,06721,Salliqueló,8644,3162,-36.672426,-63.046788,797.32118866949
2018,06728,25257,360,225,2,2,0,1,1,56,9,6,10,7,24,165,39,126,1,06,Buenos Aires,06728,San Andrés de Giles,23027,7284,-34.438048,-59.472587,1127.7082238301
2018,06735,24882,321,207,6,3,3,0,0,34,4,1,3,7,19,167,35,132,0,06,Buenos Aires,06735,San Antonio de Areco,23138,7191,-34.221179,-59.51898,863.39524279224
2018,06742,8734,85,78,1,1,0,0,0,20,0,0,2,7,11,57,20,37,0,06,Buenos Aires,06742,San Cayetano,8399,2961,-38.389566,-59.585854,3005.1567040444
2018,06749,172911,2137,1462,31,21,10,9,4,366,24,23,46,83,190,1052,300,752,0,06,Buenos Aires,06749,San Fernando,163240,49384,-34.151195,-58.545361,998.80496524005
2018,06756,292831,3817,2785,32,26,6,6,5,485,25,31,63,120,246,2257,485,1772,4,06,Buenos Aires,06756,San Isidro,292878,97213,-34.486991,-58.537405,52.244328809925
2018,06760,299319,5050,2038,40,31,9,4,7,532,27,40,70,126,269,1455,439,1016,2,06,Buenos Aires,06760,San Miguel,276190,80627,-34.552374,-58.691486,83.528254723476
2018,06763,153728,2470,1399,15,9,6,5,4,353,29,30,44,80,170,1022,284,738,0,06,Buenos Aires,06763,San Nicolás,145857,45051,-33.485617,-60.293748,674.18647037675
2018,06770,62881,1132,534,8,4,4,6,3,159,17,17,22,29,74,358,99,259,3,06,Buenos Aires,06770,San Pedro,59036,18441,-33.78118,-59.781481,1368.2517137694
2018,06778,73825,1546,465,14,9,5,3,3,156,8,14,19,34,81,289,83,206,0,06,Buenos Aires,06778,San Vicente,59478,17116,-35.070668,-58.432201,658.938866
2018,06784,11250,162,89,1,1,0,2,1,13,1,1,4,0,7,72,14,58,0,06,Buenos Aires,06784,Suipacha,10081,3204,-34.749045,-59.702497,942.05609460124
2018,06791,136522,1760,1135,12,7,5,3,4,219,14,15,34,42,114,897,203,694,0,06,Buenos Aires,06791,Tandil,123871,43155,-37.336251,-59.18186,4853.4004679147
2018,06798,9940,104,77,3,2,1,0,0,21,2,1,3,5,10,53,15,38,0,06,Buenos Aires,06798,Tapalqué,9178,3163,-36.3474,-60.130333,4164.5691174591
2018,06805,447040,6483,2631,49,29,20,8,14,732,42,62,86,166,376,1828,593,1235,2,06,Buenos Aires,06805,Tigre,376381,108558,-34.381757,-58.598754,396.27784624238
2018,06812,1801,27,12,0,0,0,0,0,4,1,0,1,0,2,8,4,4,0,06,Buenos Aires,06812,Tordillo,1764,558,-36.390747,-57.273398,1333.1568840343
2018,06819,13728,169,118,2,0,2,0,0,18,0,0,1,5,12,98,28,70,0,06,Buenos Aires,06819,Tornquist,12723,4538,-38.25791,-62.290904,4154.789288
2018,06826,46019,649,361,13,11,2,1,2,73,5,8,10,15,35,272,71,201,1,06,Buenos Aires,06826,Trenque Lauquen,43021,14519,-36.057175,-62.633921,5503.1728101215
2018,06833,57590,818,642,3,3,0,2,1,100,6,10,11,18,55,536,136,400,0,06,Buenos Aires,06833,Tres Arroyos,57110,20114,-38.512722,-60.236855,5931.0392479201
2018,06840,343961,4501,3749,45,30,15,7,3,768,43,47,87,198,393,2926,696,2230,1,06,Buenos Aires,06840,Tres de Febrero,340071,112588,-34.596119,-58.57907,45.407617727787
2018,06847,8764,79,86,1,1,0,0,1,14,1,1,0,3,9,70,16,54,0,06,Buenos Aires,06847,Tres Lomas,8700,2894,-36.497315,-62.863311,1252.2160603039
2018,06854,36897,490,398,7,5,2,1,2,53,3,6,4,13,27,335,91,244,0,06,Buenos Aires,06854,25 de Mayo,35842,12416,-35.527222,-60.229812,4779.8095133282
2018,06861,268509,2881,3409,23,17,6,1,5,500,15,32,53,109,291,2880,546,2334,1,06,Buenos Aires,06861,Vicente López,269420,99286,-34.52662,-58.504531,34.480947853638
2018,06868,36865,504,279,1,0,1,0,1,69,6,5,11,18,29,208,66,142,0,06,Buenos Aires,06868,Villa Gesell,31730,10374,-37.368842,-57.063203,159.52703217029
2018,06875,35344,380,204,5,3,2,3,0,46,5,6,5,12,18,150,35,115,1,06,Buenos Aires,06875,Villarino,31014,9890,-39.130216,-62.713868,10648.170198302
2018,06882,125613,1961,1033,22,14,8,0,2,276,9,31,37,67,132,733,209,524,0,06,Buenos Aires,06882,Zárate,114269,34013,-33.997341,-59.12765,1185.6261284302
2018,10007,4628,63,42,0,0,0,0,1,11,2,1,1,2,5,30,11,19,0,10,Catamarca,10007,Ambato,4463,1294,-28.018762,-65.913376,1721.2269862701
2018,10014,2935,40,15,0,0,0,0,0,3,1,0,0,0,2,12,1,11,0,10,Catamarca,10014,Ancasti,2917,786,-28.927433,-65.491601,2191.2190088029
2018,10021,19718,294,121,3,2,1,0,0,36,6,3,9,7,11,82,20,62,0,10,Catamarca,10021,Andalgalá,18132,4697,-27.585767,-66.357939,4701.0571553212
2018,10028,1620,21,7,2,2,0,0,0,0,0,0,0,0,0,5,2,3,0,10,Catamarca,10028,Antofagasta de la Sierra,1436,365,-25.952089,-67.695338,29081.907231302
2018,10035,30859,442,210,4,2,2,0,2,76,15,7,11,9,34,128,35,93,1,10,Catamarca,10035,Belén,27843,6817,-27.100785,-66.908148,12927.57526
2018,10042,18258,300,118,3,1,2,1,1,48,7,4,8,9,20,65,29,36,0,10,Catamarca,10042,Capayán,16085,3927,-28.930533,-65.903106,4671.1235019129
2018,10049,179628,3072,1133,21,16,5,8,8,331,30,31,43,78,149,765,248,517,1,10,Catamarca,10049,Capital,159703,42037,-28.404362,-65.83673,415.40196334643
2018,10056,3858,33,17,0,0,0,0,0,7,0,1,1,1,4,10,4,6,0,10,Catamarca,10056,El Alto,3570,1042,-28.4271,-65.359138,1903.8566594751
2018,10063,13342,220,87,0,0,0,0,0,29,1,1,3,5,19,58,17,41,0,10,Catamarca,10063,Fray Mamerto Esquiú,11896,3019,-28.328986,-65.728357,189.41385800668
2018,10070,24834,356,129,5,4,1,1,1,40,4,4,4,8,20,82,23,59,0,10,Catamarca,10070,La Paz,22638,6093,-29.378709,-65.122753,10417.864985464
2018,10077,4308,61,44,0,0,0,0,0,9,0,1,1,2,5,35,11,24,0,10,Catamarca,10077,Paclín,4185,1152,-28.109614,-65.669626,960.10288434461
2018,10084,12173,166,86,2,1,1,2,0,24,1,7,2,4,10,58,18,40,0,10,Catamarca,10084,Pomán,10776,2746,-28.214911,-66.381496,5430.5098410605
2018,10091,23886,369,150,4,2,2,1,0,40,6,6,8,7,13,105,30,75,0,10,Catamarca,10091,Santa María,22548,5982,-26.793516,-66.271651,5428.3805710043
2018,10098,13812,194,74,1,0,1,0,2,25,2,3,3,6,11,46,17,29,0,10,Catamarca,10098,Santa Rosa,12034,3096,-28.076822,-65.339411,1530.8063226352
2018,10105,23249,386,206,12,8,4,4,2,44,6,4,3,17,14,144,32,112,0,10,Catamarca,10105,Tinogasta,22360,6066,-27.540911,-67.921562,22625.715995347
2018,10112,31044,509,196,4,4,0,1,1,50,7,1,3,18,21,140,62,78,0,10,Catamarca,10112,Valle Viejo,27242,6882,-28.592718,-65.705149,613.47686570459
2018,14007,67272,921,444,5,4,1,0,1,98,9,3,11,20,55,340,86,254,1,14,Córdoba,14007,Calamuchita,54730,16915,-32.207072,-64.621465,4740.5423479729
2018,14014,1438492,20746,11945,149,99,50,47,49,2724,174,203,358,636,1353,8976,2534,6442,6,14,Córdoba,14014,Capital,1329604,414237,-31.41707,-64.183205,573.04518079655
2018,14021,286115,4586,1537,36,26,10,6,8,368,29,35,49,86,169,1119,306,813,2,14,Córdoba,14021,Colón,225151,63780,-31.144057,-64.152864,2339.6464967587
2018,14028,66671,1028,483,8,4,4,1,2,119,10,7,15,20,67,353,107,246,1,14,Córdoba,14028,Cruz del Eje,58759,15948,-30.666729,-65.083523,6783.3321197215
2018,14035,39776,520,292,6,5,1,1,2,61,7,3,6,10,35,222,52,170,0,14,Córdoba,14035,General Roca,35645,11608,-34.62324,-64.374411,12712.786648765
2018,14042,141326,2347,1292,19,14,5,5,3,297,18,32,36,66,145,968,274,694,1,14,Córdoba,14042,General San Martín,127454,41871,-32.514334,-63.256224,4990.4894596064
2018,14049,35562,661,272,7,6,1,2,0,49,2,4,9,13,21,214,60,154,0,14,Córdoba,14049,Ischilín,31312,8734,-30.399718,-64.609489,5059.7768576143
2018,14056,68103,916,535,7,4,3,1,1,122,9,9,13,28,63,404,88,316,0,14,Córdoba,14056,Juárez Celman,61078,19745,-33.329446,-63.606335,7927.9070763495
2018,14063,113291,1280,1038,12,7,5,3,1,184,12,17,17,39,99,838,182,656,1,14,Córdoba,14063,Marcos Juárez,104205,35476,-33.030782,-62.277101,9185.9876986281
2018,14070,5054,57,26,2,1,1,0,1,6,0,0,0,2,4,17,3,14,0,14,Córdoba,14070,Minas,4727,1495,-31.035386,-65.410978,3574.6629191414
2018,14077,5716,67,34,1,0,1,0,0,7,0,0,0,1,6,26,7,19,0,14,Córdoba,14077,Pocho,5380,1611,-31.463414,-65.437954,3045.0587061609
2018,14084,39753,545,351,3,3,0,1,2,60,3,3,8,12,34,285,74,211,1,14,Córdoba,14084,Presidente Roque Sáenz Peña,36282,12111,-34.140216,-63.418574,8240.8907434106
2018,14091,206031,2902,1766,16,13,3,4,4,322,26,18,37,70,171,1420,358,1062,2,14,Córdoba,14091,Punilla,178401,55253,-31.222559,-64.586152,2469.7099612535
2018,14098,272804,4176,2498,29,20,9,9,11,519,39,45,56,118,261,1930,477,1453,0,14,Córdoba,14098,Río Cuarto,246393,80878,-33.330061,-64.49295,18558.492484861
2018,14105,52481,769,289,11,8,3,1,0,50,5,4,5,12,24,227,80,147,1,14,Córdoba,14105,Río Primero,46675,13652,-31.032795,-63.438562,6763.6718514418
2018,14112,15158,163,92,3,2,1,0,1,20,1,3,2,4,10,68,23,45,0,14,Córdoba,14112,Río Seco,13242,3846,-30.039831,-63.182337,7120.1095407748
2018,14119,113752,1589,883,15,9,6,3,2,167,10,10,23,40,84,696,197,499,0,14,Córdoba,14119,Río Segundo,103718,32090,-31.733027,-63.476921,5173.6449581431
2018,14126,42504,635,285,5,2,3,0,0,64,6,4,11,12,31,216,69,147,0,14,Córdoba,14126,San Alberto,37004,10320,-31.707725,-65.156134,3390.9531305069
2018,14133,58894,782,489,5,4,1,3,1,120,12,6,17,25,60,360,119,241,0,14,Córdoba,14133,San Javier,53520,15855,-32.076193,-65.14186,1547.2108091588
2018,14140,224361,3227,2018,20,11,9,6,6,365,39,30,38,85,173,1621,406,1215,0,14,Córdoba,14140,San Justo,206307,66832,-31.239224,-62.527576,15602.023613441
2018,14147,114999,1805,767,10,5,5,3,2,173,4,14,20,38,97,579,165,414,1,14,Córdoba,14147,Santa María,98188,28144,-31.711202,-64.307062,3241.0530314646
2018,14154,5003,61,47,0,0,0,0,0,12,0,0,0,4,8,35,14,21,0,14,Córdoba,14154,Sobremonte,4591,1311,-29.763961,-64.141252,3253.9527094377
2018,14161,119964,1740,1094,13,8,5,3,1,214,12,12,29,40,121,863,209,654,0,14,Córdoba,14161,Tercero Arriba,109554,36058,-32.287713,-63.779247,5141.6028195861
2018,14168,21058,260,113,2,1,1,0,0,27,1,3,3,7,13,84,33,51,0,14,Córdoba,14168,Totoral,18556,5363,-30.726131,-63.984253,3048.5932043176
2018,14175,13892,194,91,1,1,0,0,0,16,1,2,2,7,4,74,17,57,0,14,Córdoba,14175,Tulumba,12673,4041,-30.222073,-63.807901,9802.3139407052
2018,14182,115905,1530,1014,10,7,3,3,0,182,8,15,22,39,98,819,208,611,0,14,Córdoba,14182,Unión,105727,34669,-32.878454,-62.791426,10900.429941035
2018,18007,40938,794,242,4,3,1,1,1,78,11,4,9,21,33,158,57,101,0,18,Corrientes,18007,Bella Vista,37181,9823,-28.498913,-58.928086,1752.4745753182
2018,18014,2761,45,11,1,0,1,0,0,4,0,2,0,2,0,6,1,5,0,18,Corrientes,18014,Berón de Astrada,2461,676,-27.474863,-57.607758,891.75792020803
2018,18021,402483,6965,2667,101,88,13,15,14,778,59,57,96,174,392,1759,611,1148,5,18,Corrientes,18021,Capital,358223,96993,-27.51994,-58.763309,566.28059393194
2018,18028,25010,466,123,3,2,1,1,1,46,8,4,7,10,17,72,28,44,0,18,Corrientes,18028,Concepción,21113,5205,-28.4084,-58.031393,5281.6344580735
2018,18035,49031,852,342,10,8,2,2,3,102,11,8,15,24,44,225,57,168,1,18,Corrientes,18035,Curuzú Cuatiá,44384,12446,-29.695929,-58.324845,8321.3459450798
2018,18042,16261,269,110,6,4,2,0,0,33,7,0,4,7,15,71,22,49,0,18,Corrientes,18042,Empedrado,15109,4055,-27.894369,-58.663715,1948.6171847167
2018,18049,32788,621,204,7,5,2,2,2,58,7,3,5,9,34,135,53,82,0,18,Corrientes,18049,Esquina,30802,8108,-29.982659,-59.237808,3893.3060799119
2018,18056,8134,139,43,0,0,0,0,0,17,2,1,3,4,7,26,10,16,1,18,Corrientes,18056,General Alvear,7926,2387,-28.774019,-56.51183,1940.1531500142
2018,18063,15638,222,123,5,3,2,1,0,32,1,5,3,9,14,85,29,56,1,18,Corrientes,18063,General Paz,14836,4119,-27.720857,-57.78921,2601.1500257735
2018,18070,97091,1696,742,30,26,4,3,10,198,15,11,23,42,107,501,153,348,1,18,Corrientes,18070,Goya,89959,24344,-29.452111,-59.256605,4792.7466077454
2018,18077,10055,199,74,4,3,1,1,0,22,1,4,1,3,13,47,12,35,0,18,Corrientes,18077,Itatí,9171,2456,-27.345338,-58.074945,876.12757637731
2018,18084,33344,623,161,7,4,3,0,3,40,3,6,6,8,17,111,51,60,1,18,Corrientes,18084,Ituzaingó,31150,8367,-27.907255,-56.78806,9788.4082302757
2018,18091,32815,772,237,8,3,5,1,0,76,9,8,10,20,29,152,55,97,0,18,Corrientes,18091,Lavalle,28759,7312,-28.989597,-58.941988,1530.746555
2018,18098,9962,139,72,0,0,0,1,0,22,1,1,5,5,10,49,11,38,0,18,Corrientes,18098,Mburucuyá,9252,2524,-28.016384,-58.185567,998.57005572766
2018,18105,44193,879,334,12,9,3,1,0,114,9,12,11,28,54,207,64,143,0,18,Corrientes,18105,Mercedes,40667,11172,-29.064505,-57.818383,9744.5682675359
2018,18112,40970,611,297,10,8,2,0,2,70,5,6,10,16,33,215,62,153,0,18,Corrientes,18112,Monte Caseros,36338,10543,-30.228775,-57.86944,2704.1526838892
2018,18119,53179,1085,277,11,7,4,2,6,88,5,6,13,27,37,170,65,105,0,18,Corrientes,18119,Paso de los Libres,48642,13254,-29.593725,-57.299552,4896.2935934402
2018,18126,24152,449,172,3,3,0,1,1,51,4,8,3,15,21,116,42,74,1,18,Corrientes,18126,Saladas,22244,5638,-28.212466,-58.619913,1919.6057433091
2018,18133,16352,281,109,0,0,0,0,0,34,4,6,3,6,15,75,21,54,0,18,Corrientes,18133,San Cosme,14381,3882,-27.380065,-58.518085,610.44214025996
2018,18140,19563,313,153,4,3,1,0,0,45,2,4,8,10,21,104,24,80,0,18,Corrientes,18140,San Luis del Palmar,17590,4417,-27.602043,-58.268556,2578.5941033899
2018,18147,14747,271,82,4,4,0,2,1,22,0,0,8,8,6,53,20,33,0,18,Corrientes,18147,San Martín,13140,3661,-28.828789,-56.931681,6650.3950283526
2018,18154,11410,228,79,4,3,1,1,0,29,5,3,4,6,11,45,18,27,0,18,Corrientes,18154,San Miguel,10572,2553,-27.87558,-57.409848,3063.747643
2018,18161,19692,337,121,2,2,0,1,0,46,5,0,3,10,28,72,35,37,1,18,Corrientes,18161,San Roque,18366,4684,-28.705821,-58.61302,2427.6636088419
2018,18168,71150,1347,390,13,13,0,4,2,118,10,9,17,22,60,253,115,138,0,18,Corrientes,18168,Santo Tomé,61297,16664,-28.230789,-56.22207,7003.8546167976
2018,18175,9365,174,70,2,1,1,0,1,26,3,4,4,3,12,41,12,29,1,18,Corrientes,18175,Sauce,9032,2514,-29.999373,-58.794964,2491.7133659035
2018,22007,41254,883,194,12,6,6,4,3,68,5,5,13,14,31,107,49,58,0,22,Chaco,22007,Almirante Brown,34075,8730,-25.742873,-61.961478,17744.482531989
2018,22014,27212,525,217,3,1,2,1,1,73,5,10,10,20,28,139,51,88,0,22,Chaco,22014,Bermejo,25052,7128,-26.950353,-58.710958,2603.9751717562
2018,22021,111457,2344,758,29,13,16,7,6,235,16,20,33,55,111,481,158,323,0,22,Chaco,22021,Comandante Fernández,96944,27000,-26.786389,-60.46227,1504.6696777382
2018,22028,35140,717,229,8,4,4,2,1,61,3,2,9,11,36,157,47,110,0,22,Chaco,22028,Chacabuco,30590,8494,-27.118686,-61.310173,1461.3289346068
2018,22036,25626,471,179,5,2,3,1,0,64,6,3,9,18,28,109,37,72,0,22,Chaco,22036,12 de Octubre,22281,6021,-27.334834,-61.474867,2752.35472
2018,22039,7844,146,52,2,0,2,0,0,14,2,0,2,2,8,36,12,24,0,22,Chaco,22039,2 de Abril,7432,2121,-27.621719,-61.327706,1603.0021783576
2018,22043,13920,244,85,1,1,0,2,0,27,2,6,4,6,9,55,19,36,0,22,Chaco,22043,Fray Justo Santa María de Oro,11826,3229,-27.866373,-61.301148,2196.6287365889
2018,22049,14257,394,113,8,5,3,1,2,31,1,3,4,8,15,71,26,45,1,22,Chaco,22049,General Belgrano,11988,3078,-26.848522,-61.071824,1303.1708302008
2018,22056,14221,279,103,2,2,0,3,2,24,1,2,8,3,10,72,26,46,0,22,Chaco,22056,General Donovan,13490,3698,-27.144541,-59.356784,1453.4862808341
2018,22063,75769,2151,481,29,15,14,7,10,214,20,24,27,56,87,221,86,135,4,22,Chaco,22063,General Güemes,67132,17243,-25.212612,-61.332719,25749.776804812
2018,22070,25418,714,154,8,6,2,2,0,48,6,1,7,11,23,96,37,59,1,22,Chaco,22070,Independencia,22411,5417,-26.738539,-60.757244,1940.2058716217
2018,22077,14247,280,90,2,1,1,0,1,33,5,3,4,7,14,54,22,32,0,22,Chaco,22077,Libertad,12158,3237,-27.348841,-59.260971,1041.9807312411
2018,22084,67199,1549,437,9,4,5,4,4,154,19,15,19,39,62,266,86,180,2,22,Chaco,22084,Libertador General San Martín,59147,15797,-26.383743,-59.488798,7333.403294
2018,22091,26925,634,179,3,2,1,2,0,68,7,3,7,30,21,106,34,72,0,22,Chaco,22091,Maipú,25288,6346,-26.319985,-60.455468,2915.6443595863
2018,22098,59351,1384,436,8,7,1,3,1,147,17,6,23,38,63,277,134,143,1,22,Chaco,22098,Mayor Luis J. Fontana,55080,15495,-27.744022,-60.657259,3705.3822627594
2018,22105,31680,677,197,8,5,3,0,1,62,2,4,9,16,31,126,40,86,0,22,Chaco,22105,9 de Julio,28555,7798,-26.947042,-61.265368,2219.7467310282
2018,22112,21559,487,148,2,1,1,2,0,55,3,7,7,12,26,89,38,51,2,22,Chaco,22112,O'Higgins,20131,5184,-27.258728,-60.680508,1552.2724771558
2018,22119,13362,331,101,4,2,2,1,0,34,3,1,3,11,16,62,23,39,1,22,Chaco,22119,Presidencia de la Plaza,12499,3416,-27.048714,-59.774413,2279.9729302109
2018,22126,12134,227,82,2,1,1,1,0,30,1,0,5,6,18,49,13,36,0,22,Chaco,22126,1º de Mayo,10322,2954,-27.16803,-58.962856,1295.1149684882
2018,22133,37975,881,249,7,2,5,1,3,78,8,9,10,20,31,160,48,112,0,22,Chaco,22133,Quitilipi,34081,8809,-26.673406,-60.173718,1606.7393580801
2018,22140,434391,7638,3066,56,37,19,10,21,934,94,93,110,200,437,2045,687,1358,5,22,Chaco,22140,San Fernando,390874,110180,-27.71801,-59.11607,3575.5038472567
2018,22147,15830,405,124,7,3,4,0,1,48,5,8,5,8,22,68,25,43,0,22,Chaco,22147,San Lorenzo,14702,3992,-27.393973,-60.36438,2144.4283526661
2018,22154,17598,385,137,4,1,3,2,2,40,3,3,6,8,20,89,33,56,0,22,Chaco,22154,Sargento Cabral,15889,4367,-26.804136,-59.527256,1560.9416673038
2018,22161,4252,75,28,0,0,0,0,0,16,2,1,1,2,10,12,5,7,0,22,Chaco,22161,Tapenagá,4097,1156,-27.664695,-59.826294,5952.6251733717
2018,22168,31856,868,207,11,1,10,3,0,72,7,11,13,18,23,121,48,73,1,22,Chaco,22168,25 de Mayo,29215,7532,-26.825934,-60.018614,2339.4104156995
2018,26007,109145,1416,469,13,9,4,2,6,136,9,15,13,33,66,312,115,197,0,26,Chubut,26007,Biedma,82883,24471,-42.445493,-64.932357,12845.901887126
2018,26014,23910,275,158,2,2,0,0,2,59,4,5,6,13,31,95,34,61,0,26,Chubut,26014,Cushamen,20919,6714,-42.374993,-70.697742,15816.830916373
2018,26021,225237,3288,1194,33,28,5,5,2,372,23,35,51,76,187,782,237,545,0,26,Chubut,26021,Escalante,186583,56875,-45.283722,-67.708849,14291.807304957
2018,26028,1764,24,13,0,0,0,0,0,5,1,0,0,2,2,8,3,5,0,26,Chubut,26028,Florentino Ameghino,1627,479,-44.422676,-66.129746,15868.726358058
2018,26035,48035,718,298,4,2,2,1,0,70,1,7,6,19,37,223,57,166,0,26,Chubut,26035,Futaleufú,43076,13740,-43.069266,-71.46566,9323.595781
2018,26042,12608,188,92,0,0,0,0,0,21,1,2,3,6,9,71,23,48,0,26,Chubut,26042,Gaiman,11141,3508,-43.273036,-66.171846,11609.372412383
2018,26049,1387,13,7,0,0,0,0,0,1,0,1,0,0,0,6,2,4,0,26,Chubut,26049,Gastre,1427,512,-42.753441,-68.801563,15950.109366253
2018,26056,3140,34,23,0,0,0,0,0,9,0,0,1,8,0,14,4,10,0,26,Chubut,26056,Languiñeo,3085,1073,-43.323311,-70.347704,14784.043381673
2018,26063,729,17,6,0,0,0,0,0,3,0,0,1,1,1,3,3,0,0,26,Chubut,26063,Mártires,778,287,-43.814041,-67.240109,15635.311151578
2018,26070,1834,17,13,0,0,0,0,0,7,1,1,1,2,2,6,2,4,0,26,Chubut,26070,Paso de Indios,1867,649,-44.031344,-68.685773,22184.82707
2018,26077,143006,2080,881,17,12,5,5,7,277,18,26,49,72,112,575,178,397,1,26,Chubut,26077,Rawson,131313,41187,-43.138249,-65.074331,4163.1447837295
2018,26084,6191,74,48,1,0,1,0,0,17,2,2,1,2,10,30,8,22,0,26,Chubut,26084,Río Senguer,5979,1984,-45.339861,-70.639834,22878.431197681
2018,26091,14314,241,65,0,0,0,1,0,24,3,3,1,5,12,40,10,30,0,26,Chubut,26091,Sarmiento,11396,3262,-45.348305,-69.00286,14615.594275699
2018,26098,5529,72,47,0,0,0,0,0,17,2,3,2,5,5,30,4,26,0,26,Chubut,26098,Tehuelches,5390,1793,-44.200123,-70.575012,14570.572300655
2018,26105,1551,10,12,0,0,0,0,0,6,0,0,1,2,3,6,0,6,0,26,Chubut,26105,Telsen,1644,632,-42.440781,-67.177161,19381.884014427
2018,30008,74086,985,552,6,4,2,3,3,116,5,6,15,23,67,424,87,337,0,30,Entre Ríos,30008,Colón,62160,19963,-32.01131,-58.369944,2766.6104966339
2018,30015,187448,3604,1356,49,36,13,3,2,416,36,34,48,105,193,886,306,580,1,30,Entre Ríos,30015,Concordia,170033,47982,-31.289974,-58.237359,3312.9627910736
2018,30021,50565,684,427,6,5,1,1,2,88,6,6,12,17,47,330,75,255,0,30,Entre Ríos,30021,Diamante,46361,14784,-32.232588,-60.523515,2664.3135977604
2018,30028,80510,1385,535,7,6,1,2,2,144,11,11,15,36,71,380,132,248,1,30,Entre Ríos,30028,Federación,68736,19378,-30.734176,-58.15774,3760.2108919709
2018,30035,27836,478,202,3,1,2,1,1,65,4,5,10,19,27,132,44,88,0,30,Entre Ríos,30035,Federal,25863,7408,-30.992574,-58.891077,5204.1515253083
2018,30042,16255,269,116,3,2,1,0,1,43,3,8,5,6,21,69,21,48,0,30,Entre Ríos,30042,Feliciano,15079,3949,-30.414113,-58.728507,3177.1776662527
2018,30049,57414,844,514,10,7,3,1,4,131,7,8,17,29,70,368,100,268,0,30,Entre Ríos,30049,Gualeguay,51883,16153,-33.117663,-59.602796,6575.3396076987
2018,30056,121655,1612,982,16,12,4,0,1,249,25,12,27,57,128,716,215,501,2,30,Entre Ríos,30056,Gualeguaychú,109461,34492,-33.020459,-58.788183,7519.7017858273
2018,30063,13199,163,78,2,1,1,0,0,25,1,3,2,5,14,51,14,37,0,30,Entre Ríos,30063,Islas del Ibicuy,12077,3445,-33.623407,-58.938004,4950.092137
2018,30070,71356,1214,538,12,11,1,3,2,123,3,6,13,29,72,398,142,256,1,30,Entre Ríos,30070,La Paz,66903,18305,-30.897837,-59.502334,6705.7599273777
2018,30077,41036,591,362,3,1,2,1,5,79,0,2,17,20,40,274,85,189,0,30,Entre Ríos,30077,Nogoyá,39026,12207,-32.219205,-59.770652,4374.7298209297
2018,30084,370876,5692,2943,46,36,10,6,11,665,50,66,80,151,318,2215,645,1570,0,30,Entre Ríos,30084,Paraná,339930,105030,-31.69731,-60.045552,5133.7373097451
2018,30088,19373,318,180,3,3,0,1,0,50,6,1,7,13,23,126,25,101,0,30,Entre Ríos,30088,San Salvador,17357,5257,-31.577782,-58.488634,1324.891373
2018,30091,26589,401,251,3,3,0,2,1,63,1,5,4,17,36,182,46,136,0,30,Entre Ríos,30091,Tala,25665,8406,-32.317295,-59.267989,2643.9096369981
2018,30098,111048,1541,964,20,15,5,2,3,220,11,15,19,61,114,719,202,517,0,30,Entre Ríos,30098,Uruguay,100728,32573,-32.450426,-58.582037,5154.3538361098
2018,30105,39028,577,329,7,3,4,1,1,77,7,6,12,17,35,243,52,191,0,30,Entre Ríos,30105,Victoria,35767,11063,-32.785518,-60.22122,6647.3575050147
2018,30113,52169,838,388,7,5,2,2,1,101,11,12,5,24,49,277,64,213,1,30,Entre Ríos,30113,Villaguay,48965,14726,-31.647872,-59.06069,6570.5126668231
2018,34007,15968,371,77,4,3,1,3,1,31,4,4,6,7,10,38,13,25,0,34,Formosa,34007,Bermejo,14046,3548,-24.028331,-61.267853,13060.033532372
2018,34014,266173,4768,1686,47,33,14,5,10,536,54,56,81,119,226,1088,385,703,3,34,Formosa,34014,Formosa,234354,62621,-25.937112,-58.376877,6380.1535683381
2018,34021,18777,354,141,4,3,1,2,2,48,7,6,5,17,13,85,26,59,0,34,Formosa,34021,Laishi,17063,4538,-26.460536,-58.566378,3609.8274343777
2018,34028,16737,445,85,5,3,2,5,0,39,9,3,6,12,9,36,12,24,0,34,Formosa,34028,Matacos,14375,3363,-23.859214,-62.055683,4421.3249631725
2018,34035,75942,1676,547,24,10,14,8,6,198,22,21,26,37,92,311,111,200,2,34,Formosa,34035,Patiño,68581,18856,-24.862549,-59.977358,26157.986394067
2018,34042,20282,371,120,6,3,3,0,0,48,3,5,4,15,21,66,19,47,0,34,Formosa,34042,Pilagás,18399,4794,-25.104998,-58.664523,3587.3535127482
2018,34049,95379,1888,682,19,11,8,5,4,233,22,20,26,50,115,421,142,279,3,34,Formosa,34049,Pilcomayo,85024,21932,-25.37068,-58.062918,5322.941087
2018,34056,69378,1354,479,16,7,9,4,5,154,13,18,18,27,78,300,120,180,3,34,Formosa,34056,Pirané,64566,17855,-25.759773,-59.16919,8860.1425821065
2018,34063,16493,554,70,6,3,3,1,2,34,11,3,7,8,5,27,19,8,6,34,Formosa,34063,Ramón Lista,13754,2796,-23.130271,-62.125171,4111.230425
2018,38007,13471,258,76,3,2,1,0,2,34,4,7,5,7,11,37,5,32,0,38,Jujuy,38007,Cochinoca,12656,3373,-22.942932,-65.934759,7241.8194944292
2018,38014,112896,1947,544,17,10,7,3,2,203,12,25,40,48,78,319,115,204,1,38,Jujuy,38014,El Carmen,97039,23324,-24.448191,-65.10304,922.91698826187
2018,38021,301009,4076,1721,40,33,7,5,11,501,51,51,75,126,198,1164,379,785,0,38,Jujuy,38021,Dr. Manuel Belgrano,265249,71061,-24.081564,-65.447052,2215.3897200685
2018,38028,18517,264,110,4,4,0,0,0,43,6,6,6,9,16,63,18,45,0,38,Jujuy,38028,Humahuaca,17366,4742,-23.074633,-65.404287,3638.6958108993
2018,38035,88216,1492,612,14,12,2,3,3,192,18,25,18,39,92,400,141,259,0,38,Jujuy,38035,Ledesma,81790,20345,-23.782185,-64.815613,2891.6833734565
2018,38042,58737,852,372,7,6,1,3,1,107,10,12,23,22,40,254,77,177,0,38,Jujuy,38042,Palpalá,52631,13225,-24.194924,-65.126449,487.73633264809
2018,38049,2821,30,16,0,0,0,1,0,4,0,0,0,1,3,11,2,9,0,38,Jujuy,38049,Rinconada,2488,553,-22.621683,-66.542062,6173.2698281416
2018,38056,5439,88,29,0,0,0,0,0,14,0,4,4,1,5,15,5,10,0,38,Jujuy,38056,San Antonio,4466,1239,-24.347975,-65.448075,703.9683743
2018,38063,80859,1387,535,5,4,1,3,2,155,14,17,26,37,61,370,120,250,0,38,Jujuy,38063,San Pedro,75037,19616,-24.299136,-64.809997,2050.4663152886
2018,38070,18921,342,113,1,0,1,2,1,38,1,3,8,8,18,71,24,47,0,38,Jujuy,38070,Santa Bárbara,17730,4369,-24.011515,-64.398444,4490.852096
2018,38077,2670,50,19,0,0,0,2,0,5,0,0,0,1,4,12,2,10,0,38,Jujuy,38077,Santa Catalina,2800,846,-22.137102,-66.226869,2946.042435
2018,38084,4079,103,19,3,1,2,0,0,8,1,0,2,2,3,8,2,6,0,38,Jujuy,38084,Susques,3791,854,-23.520298,-66.663037,10266.764675715
2018,38094,14807,227,101,3,2,1,0,0,38,6,5,10,6,11,60,14,46,0,38,Jujuy,38094,Tilcara,12349,3397,-23.560401,-65.320016,2120.1425937625
2018,38098,4915,69,44,0,0,0,0,0,13,5,2,0,4,2,31,11,20,0,38,Jujuy,38098,Tumbaya,4658,1284,-23.738567,-65.698526,3287.9508613082
2018,38105,2598,33,16,1,0,1,0,0,6,1,0,1,2,2,9,1,8,0,38,Jujuy,38105,Valle Grande,2451,777,-23.464113,-65.012202,1226.1176945373
2018,38112,23936,422,116,8,7,1,3,1,35,3,6,9,6,11,69,16,53,0,38,Jujuy,38112,Yavi,20806,5625,-22.290687,-65.565318,3025.3384257358
2018,42007,10573,115,69,2,2,0,0,0,20,2,3,1,6,8,47,18,29,0,42,La Pampa,42007,Atreucó,10153,3586,-37.031069,-63.778246,3509.593083
2018,42014,2688,8,6,1,0,1,0,0,1,0,0,0,0,1,4,3,1,0,42,La Pampa,42014,Caleu Caleu,2313,741,-38.670847,-63.89726,9096.9490103278
2018,42021,117536,1571,830,14,13,1,2,3,188,10,24,18,39,97,623,150,473,0,42,La Pampa,42021,Capital,105312,35598,-36.496645,-64.196209,2553.5632275027
2018,42028,8006,110,62,0,0,0,0,1,17,0,4,1,8,4,44,11,33,0,42,La Pampa,42028,Catriló,7293,2389,-36.581362,-63.662579,2480.9566168263
2018,42035,14269,182,138,1,1,0,0,1,26,0,1,2,8,15,110,30,80,0,42,La Pampa,42035,Conhelo,14077,4996,-36.028425,-64.51254,5214.5733385757
2018,42042,1169,11,3,0,0,0,0,0,2,0,0,1,0,1,1,1,0,0,42,La Pampa,42042,Curacó,1040,360,-38.180229,-66.330311,13513.076797142
2018,42049,3551,34,8,0,0,0,0,0,4,0,0,2,0,2,4,2,2,0,42,La Pampa,42049,Chalileo,2985,947,-36.396238,-66.569447,8633.376781
2018,42056,12860,185,100,6,3,3,0,0,21,1,2,1,5,12,73,18,55,0,42,La Pampa,42056,Chapaleufú,11620,3984,-35.228215,-63.659135,2451.626863
2018,42063,1524,12,3,0,0,0,0,0,0,0,0,0,0,0,3,2,1,0,42,La Pampa,42063,Chical Co,1502,474,-36.401963,-67.684723,9092.6387143037
2018,42070,8931,101,61,0,0,0,0,0,12,0,2,1,0,9,49,8,41,0,42,La Pampa,42070,Guatraché,8831,3202,-37.484191,-63.78319,3541.8053337194
2018,42077,7482,65,44,0,0,0,0,0,8,2,1,0,1,4,36,7,29,0,42,La Pampa,42077,Hucal,7540,2908,-37.977839,-63.954529,5972.4785330056
2018,42084,345,6,2,0,0,0,0,0,0,0,0,0,0,0,2,0,2,0,42,La Pampa,42084,Lihuel Calel,439,182,-38.263827,-65.098716,12411.003457927
2018,42091,570,7,2,0,0,0,0,0,1,0,0,0,0,1,1,1,0,0,42,La Pampa,42091,Limay Mahuida,503,189,-37.241952,-66.557329,9924.7563498442
2018,42098,9092,88,59,1,1,0,1,0,13,4,0,2,2,5,44,13,31,0,42,La Pampa,42098,Loventué,8619,2824,-36.476818,-65.539837,9163.1920953956
2018,42105,66055,1044,523,6,2,4,3,1,94,5,4,11,14,60,419,118,301,0,42,La Pampa,42105,Maracó,59024,19703,-35.678517,-63.660744,2503.3165830083
2018,42112,11634,131,62,0,0,0,2,0,25,3,6,4,3,9,35,12,23,0,42,La Pampa,42112,Puelén,9468,2790,-37.434236,-67.603544,12989.3918
2018,42119,9062,112,53,1,1,0,0,0,13,1,1,2,2,7,39,15,24,0,42,La Pampa,42119,Quemú Quemú,8663,3139,-36.131192,-63.662288,2480.3507377038
2018,42126,11102,161,78,6,5,1,0,0,23,3,2,2,5,11,49,21,28,0,42,La Pampa,42126,Rancul,10668,3497,-35.409134,-64.798024,4976.8485149773
2018,42133,17742,218,148,1,0,1,0,0,28,0,2,4,3,19,119,30,89,0,42,La Pampa,42133,Realicó,16227,5472,-35.229883,-64.206514,2447.323898
2018,42140,16805,220,41,2,1,1,0,0,12,1,0,2,2,7,27,13,14,0,42,La Pampa,42140,Toay,12409,3836,-36.660901,-64.695256,5155.8291570453
2018,42147,5368,61,54,1,1,0,0,0,11,0,1,0,4,6,42,11,31,0,42,La Pampa,42147,Trenel,5426,1852,-35.629745,-64.211889,2000.9188108108
2018,42154,16014,221,118,1,0,1,2,0,24,3,4,1,5,11,91,22,69,0,42,La Pampa,42154,Utracán,14839,5005,-37.335169,-65.087013,12974.112435261
2018,46007,17629,285,109,1,1,0,0,0,44,3,2,10,7,22,64,24,40,0,46,La Rioja,46007,Arauco,15418,4109,-28.548745,-66.72936,2488.866523
2018,46014,215513,3180,1223,31,18,13,3,4,379,25,43,41,90,180,806,268,538,1,46,La Rioja,46014,Capital,180995,48916,-29.457457,-66.370324,13108.083111121
2018,46021,4525,55,51,0,0,0,0,0,15,1,2,0,5,7,36,8,28,0,46,La Rioja,46021,Castro Barros,4268,1328,-28.868427,-66.929626,1308.2276103664
2018,46028,9872,152,69,2,2,0,0,0,22,3,4,5,2,8,45,18,27,2,46,La Rioja,46028,Coronel Felipe Varela,9648,2617,-29.470612,-68.279018,9121.2329147751
2018,46035,15442,240,98,2,2,0,0,0,25,6,1,2,3,13,71,20,51,0,46,La Rioja,46035,Chamical,14160,4058,-30.178583,-65.980325,5347.1241340117
2018,46042,57972,869,333,9,4,5,4,1,112,10,7,16,25,54,207,66,141,0,46,La Rioja,46042,Chilecito,49432,13300,-29.400274,-67.429666,5262.1669929566
2018,46049,5751,65,43,1,1,0,0,0,13,0,4,3,3,3,29,8,21,0,46,La Rioja,46049,Famatina,5863,1711,-28.69363,-67.561378,4250.2101895397
2018,46056,3183,52,18,0,0,0,0,0,5,0,0,0,3,2,13,4,9,0,46,La Rioja,46056,General Angel V. Peñaloza,3073,867,-30.352014,-66.735264,4118.8593048513
2018,46063,7911,98,48,2,1,1,2,0,11,2,1,2,2,4,33,12,21,0,46,La Rioja,46063,General Belgrano,7370,2149,-30.599958,-65.94447,2932.1840782788
2018,46070,3900,42,27,1,1,0,0,0,9,2,2,1,1,3,17,3,14,0,46,La Rioja,46070,General Juan F. Quiroga,4108,1123,-30.862942,-66.793011,3384.6577617905
2018,46077,1833,16,8,1,1,0,0,0,3,1,0,1,0,1,4,2,2,0,46,La Rioja,46077,General Lamadrid,1734,484,-28.76772,-68.713011,6617.3838774302
2018,46084,7244,68,52,1,1,0,0,0,18,1,1,0,5,11,33,13,20,0,46,La Rioja,46084,General Ocampo,7145,2096,-31.024497,-66.068234,3536.3905577685
2018,46091,5176,71,29,1,0,1,0,0,11,2,2,2,1,4,17,6,11,0,46,La Rioja,46091,General San Martín,4944,1297,-31.650348,-66.167147,4754.3675132485
2018,46098,2775,26,17,0,0,0,0,0,8,1,0,1,1,5,9,2,7,0,46,La Rioja,46098,Vinchina,2731,766,-28.29229,-68.526688,10961.121563659
2018,46105,2568,45,14,1,1,0,0,0,8,0,2,0,3,3,5,3,2,0,46,La Rioja,46105,Independencia,2427,643,-30.136136,-67.298378,5872.0577211489
2018,46112,15383,245,88,2,2,0,0,1,22,2,3,3,2,12,63,15,48,0,46,La Rioja,46112,Rosario Vera Peñaloza,14054,3924,-31.423601,-66.688204,4813.0977201082
2018,46119,3930,69,27,0,0,0,0,0,10,0,1,2,1,6,17,5,12,0,46,La Rioja,46119,San Blas de los Sauces,3927,1087,-28.552959,-67.158155,1443.9177910615
2018,46126,2613,48,25,2,1,1,0,0,6,0,2,1,1,2,17,8,9,0,46,La Rioja,46126,Sanagasta,2345,622,-29.154748,-67.069699,1288.5948178582
2018,50007,119450,1653,1202,14,11,3,2,1,221,12,19,25,49,116,964,237,727,0,50,Mendoza,50007,Capital,115041,39136,-32.881329,-68.900623,48.197511112976
2018,50014,50076,698,512,9,7,2,1,0,98,5,3,14,20,56,404,86,318,0,50,Mendoza,50014,General Alvear,46429,14748,-35.207208,-67.078169,14486.32499
2018,50021,204549,2812,1680,21,15,6,1,5,325,19,34,37,49,186,1328,364,964,1,50,Mendoza,50021,Godoy Cruz,191903,57375,-32.929067,-68.900114,78.641224895995
2018,50028,324272,4724,2301,41,31,10,9,10,519,30,47,76,100,266,1722,494,1228,2,50,Mendoza,50028,Guaymallén,283803,79770,-32.888202,-68.741814,166.54115618466
2018,50035,42156,632,314,5,4,1,0,0,69,3,2,10,12,42,240,61,179,1,50,Mendoza,50035,Junín,37859,10578,-33.148168,-68.490285,254.98329525676
2018,50042,10718,186,79,4,2,2,1,1,18,2,0,1,6,9,55,26,29,0,50,Mendoza,50042,La Paz,10012,2869,-33.698075,-67.249322,7015.2713365686
2018,50049,230384,3543,1472,24,20,4,2,3,367,32,34,53,72,176,1076,348,728,0,50,Mendoza,50049,Las Heras,203666,53978,-32.523645,-69.275228,8772.1184441676
2018,50056,42785,887,265,14,10,4,2,1,72,6,6,8,21,31,176,63,113,0,50,Mendoza,50056,Lavalle,36738,9269,-32.582147,-67.892861,10333.513501529
2018,50063,139297,2312,783,9,9,0,3,2,191,12,17,22,44,96,578,178,400,1,50,Mendoza,50063,Luján de Cuyo,119888,32233,-33.036988,-69.470803,4801.6368440764
2018,50070,196375,3290,1248,25,18,7,6,6,296,25,29,43,72,127,915,280,635,0,50,Mendoza,50070,Maipú,172332,46569,-32.986219,-68.669097,669.68883154023
2018,50077,33406,515,172,6,2,4,0,1,60,2,3,8,13,34,105,31,74,1,50,Mendoza,50077,Malargüe,27660,7820,-36.151884,-69.318503,40874.449806828
2018,50084,62385,965,475,7,3,4,2,0,94,4,7,12,21,50,372,104,268,0,50,Mendoza,50084,Rivadavia,56373,15884,-33.410958,-68.607979,2055.3089845307
2018,50091,38183,679,197,3,2,1,0,2,51,7,1,6,9,28,141,39,102,0,50,Mendoza,50091,San Carlos,32631,8985,-34.070627,-69.090326,11657.04259
2018,50098,132274,2125,1033,23,21,2,1,3,218,20,16,31,50,101,788,227,561,0,50,Mendoza,50098,San Martín,118220,32730,-32.911985,-68.29292,1551.1214570894
2018,50105,209121,2941,1561,21,14,7,6,5,286,24,15,33,69,145,1243,336,907,1,50,Mendoza,50105,San Rafael,188018,56391,-34.946392,-68.351266,32106.915431795
2018,50112,17565,311,122,3,1,2,0,0,32,5,3,1,7,16,87,32,55,0,50,Mendoza,50112,Santa Rosa,16374,4438,-33.598328,-67.958768,8729.2708513353
2018,50119,58503,1012,347,10,9,1,1,3,74,5,6,10,14,39,259,89,170,2,50,Mendoza,50119,Tunuyán,49458,13538,-33.623388,-69.521086,3443.7523676184
2018,50126,37794,757,178,7,4,3,2,1,49,6,3,6,7,27,119,41,78,0,50,Mendoza,50126,Tupungato,32524,8530,-33.283516,-69.300873,2574.5010191093
2018,54007,46501,925,302,7,4,3,3,3,101,9,11,11,17,53,188,56,132,0,54,Misiones,54007,Apóstoles,42249,11556,-27.883701,-55.678899,1031.9995422166
2018,54014,59470,1160,323,8,5,3,1,6,101,9,8,12,20,52,207,68,139,1,54,Misiones,54014,Cainguás,53403,14387,-27.144452,-54.80174,1547.8412589363
2018,54021,31445,575,178,5,2,3,0,2,62,9,7,5,15,26,109,37,72,0,54,Misiones,54021,Candelaria,27040,7299,-27.458447,-55.583342,915.8960341
2018,54028,363204,7106,2349,50,35,15,8,15,745,57,65,73,168,382,1531,533,998,3,54,Misiones,54028,Capital,324756,93120,-27.548291,-55.856233,954.26290502093
2018,54035,10165,185,69,1,1,0,0,1,20,2,2,4,5,7,47,11,36,0,54,Misiones,54035,Concepción,9577,2584,-27.926382,-55.469867,768.53653479773
2018,54042,88307,2036,618,14,10,4,2,7,184,12,13,25,45,89,411,137,274,1,54,Misiones,54042,El Dorado,78221,21635,-26.317598,-54.422653,1871.5722190501
2018,54049,51435,1000,187,5,4,1,3,2,80,10,10,12,18,30,97,36,61,0,54,Misiones,54049,General Manuel Belgrano,42902,11042,-26.01108,-53.963921,3315.7994551803
2018,54056,77469,1775,317,7,6,1,2,3,126,18,14,12,40,42,179,72,107,0,54,Misiones,54056,Guaraní,67897,17789,-27.019881,-54.270641,3250.6752734349
2018,54063,96639,2100,444,12,3,9,6,4,176,24,15,17,41,79,246,97,149,1,54,Misiones,54063,Iguazú,82227,21466,-25.874761,-54.398545,2746.4238929548
2018,54070,48730,906,346,5,3,2,3,1,94,6,11,10,19,48,243,74,169,0,54,Misiones,54070,Leandro N. Alem,45075,13063,-27.626217,-55.387504,1060.1506893714
2018,54077,50831,974,288,10,6,4,3,0,91,15,7,16,14,39,184,54,130,0,54,Misiones,54077,Libertador General San Martín,46561,12751,-26.891721,-54.924277,1448.6762478684
2018,54084,39635,739,239,6,3,3,1,1,62,5,5,7,15,30,169,44,125,1,54,Misiones,54084,Montecarlo,36745,9805,-26.656009,-54.566035,1738.9727166294
2018,54091,119248,2520,727,21,12,9,7,6,247,27,21,47,61,91,446,142,304,3,54,Misiones,54091,Oberá,107501,30016,-27.47155,-55.072619,1550.6398526937
2018,54098,61058,1207,354,18,14,4,1,3,124,18,7,14,40,45,208,68,140,0,54,Misiones,54098,San Ignacio,57728,15532,-27.174745,-55.339247,1660.7666598984
2018,54105,22626,416,130,2,0,2,1,1,44,3,3,4,11,23,82,37,45,0,54,Misiones,54105,San Javier,20906,5714,-27.772543,-55.171102,652.52629622273
2018,54112,37647,700,125,5,3,2,1,1,52,4,3,8,18,19,66,28,38,0,54,Misiones,54112,San Pedro,31051,7665,-26.670992,-53.952852,3557.1848555025
2018,54119,28767,496,162,3,3,0,1,1,62,7,8,6,8,33,95,39,56,0,54,Misiones,54119,25 de Mayo,27754,7529,-27.373419,-54.634276,1655.0485238049
2018,58007,11054,143,47,1,0,1,0,0,16,1,2,3,6,4,30,8,22,0,58,Neuquén,58007,Aluminé,8306,2432,-39.131624,-71.046537,4733.8691020756
2018,58014,15400,299,56,1,1,0,1,1,22,1,4,4,7,6,31,12,19,0,58,Neuquén,58014,Añelo,10786,3238,-38.097786,-69.018897,11981.693469878
2018,58021,2861,25,9,0,0,0,0,0,3,0,1,0,0,2,6,2,4,0,58,Neuquén,58021,Catán Lil,2155,661,-39.487417,-70.432743,5410.2982946905
2018,58028,4879,59,25,1,0,1,0,0,8,0,2,0,2,4,16,4,12,0,58,Neuquén,58028,Collón Curá,4532,1316,-40.052684,-70.281444,5762.7658156666
2018,58035,417874,6743,2266,42,30,12,9,12,654,50,58,79,160,307,1549,549,1000,2,58,Neuquén,58035,Confluencia,362673,113864,-38.831995,-68.79333,7203.2101094198
2018,58042,17011,199,80,5,2,3,0,0,20,0,1,2,4,13,55,13,42,0,58,Neuquén,58042,Chos Malal,15256,4600,-36.881046,-70.286693,4569.6855180645
2018,58049,17363,234,83,0,0,0,1,1,26,2,1,4,8,11,55,13,42,0,58,Neuquén,58049,Huiliches,14725,4222,-39.794524,-71.259914,4034.3094440302
2018,58056,36395,510,168,2,2,0,1,1,47,1,5,7,13,21,117,41,76,0,58,Neuquén,58056,Lácar,29748,9155,-40.314119,-71.184202,4973.6816011251
2018,58063,7745,130,44,3,3,0,1,0,14,1,2,3,2,6,26,3,23,0,58,Neuquén,58063,Loncopué,6925,2000,-38.065991,-70.313829,5498.2978550161
2018,58070,16480,155,53,2,2,0,0,1,17,2,3,1,1,10,33,13,20,0,58,Neuquén,58070,Los Lagos,11998,3623,-40.773427,-71.48636,4197.8151302302
2018,58077,7876,126,26,0,0,0,0,1,10,0,3,1,2,4,15,2,13,1,58,Neuquén,58077,Minas,7234,2195,-36.858721,-70.783627,6050.134012
2018,58084,5965,94,18,0,0,0,0,0,5,1,2,0,0,2,13,7,6,0,58,Neuquén,58084,Ñorquín,4692,1380,-37.638054,-70.677356,5556.8569355059
2018,58091,32835,494,80,1,1,0,0,2,37,4,4,6,10,13,40,15,25,0,58,Neuquén,58091,Pehuenches,24087,7196,-37.400035,-69.40189,8337.6028690433
2018,58098,5185,64,31,1,0,1,0,0,10,0,2,6,2,0,20,7,13,0,58,Neuquén,58098,Picún Leufú,4578,1461,-39.404598,-69.428317,4596.4953808926
2018,58105,7939,123,37,1,1,0,1,0,9,1,0,1,1,6,26,10,16,0,58,Neuquén,58105,Picunches,7022,1979,-38.570053,-70.373635,5978.4478850586
2018,58112,39922,648,243,1,0,1,2,3,73,9,6,9,21,28,164,49,115,0,58,Neuquén,58112,Zapala,36549,10735,-38.925089,-69.840673,5384.5045714701
2018,62007,64124,998,462,2,2,0,4,5,125,6,11,13,31,64,326,106,220,0,62,Río Negro,62007,Adolfo Alsina,57678,18345,-40.790586,-63.761896,8982.7800055723
2018,62014,39486,642,238,5,4,1,1,1,68,7,4,7,17,33,163,65,98,0,62,Río Negro,62014,Avellaneda,35323,10549,-39.418372,-66.220284,20127.092023831
2018,62021,158251,2061,878,12,11,1,3,4,230,18,23,34,47,108,629,188,441,0,62,Río Negro,62021,Bariloche,133500,41976,-41.504569,-71.528738,5521.0477980349
2018,62028,8019,81,57,0,0,0,0,0,9,0,0,1,2,6,48,18,30,0,62,Río Negro,62028,Conesa,7069,2254,-40.149129,-64.30365,9749.5781749864
2018,62035,6505,42,28,0,0,0,0,1,7,1,0,1,3,2,20,7,13,0,62,Río Negro,62035,El Cuy,5280,1869,-39.702362,-68.497132,21382.464074361
2018,62042,361612,5626,2309,59,41,18,15,16,595,31,55,72,154,283,1624,451,1173,1,62,Río Negro,62042,General Roca,320921,99433,-38.528356,-67.558089,14747.635673728
2018,62049,3376,42,16,0,0,0,0,0,7,0,1,1,3,2,9,2,7,0,62,Río Negro,62049,9 de julio,3475,1123,-40.928033,-67.456994,23909.235606738
2018,62056,1491,23,10,0,0,0,0,0,3,0,0,1,2,0,7,2,5,0,62,Río Negro,62056,Ñorquinco,1736,637,-41.74872,-70.39888,8467.916185
2018,62063,14426,244,135,2,1,1,0,0,41,1,3,5,6,26,92,19,73,0,62,Río Negro,62063,Pichi Mahuida,14107,4687,-39.406916,-64.403277,15887.759605365
2018,62070,9002,101,49,1,1,0,1,0,12,2,1,1,2,6,35,10,25,0,62,Río Negro,62070,Pilcaniyeu,7428,2360,-40.894402,-70.469048,10903.214002199
2018,62077,35515,508,237,3,3,0,0,0,70,6,6,12,13,33,164,61,103,0,62,Río Negro,62077,San Antonio,29284,9230,-40.958446,-65.369026,14291.486923221
2018,62084,8249,60,40,1,1,0,0,1,5,1,1,1,1,1,33,5,28,0,62,Río Negro,62084,Valcheta,7101,2053,-40.983212,-66.311756,21145.28182
2018,62091,18347,202,95,2,2,0,0,0,29,3,4,6,6,10,64,16,48,0,62,Río Negro,62091,25 de Mayo,15743,4673,-41.133502,-68.903851,27843.467848229
2018,66007,66918,1197,371,12,11,1,3,2,143,10,19,18,35,61,211,81,130,0,66,Salta,66007,Anta,57411,13688,-24.874105,-63.841613,22598.208106103
2018,66014,7636,145,46,2,1,1,0,0,14,5,2,2,1,4,30,5,25,0,66,Salta,66014,Cachi,7315,1811,-25.048153,-66.196677,3080.8508207613
2018,66021,18378,295,109,3,3,0,0,0,32,2,5,4,7,14,74,16,58,0,66,Salta,66021,Cafayate,14850,3555,-26.120228,-65.886484,1358.9773143022
2018,66028,614764,10106,3731,102,86,16,15,17,1038,107,93,146,234,458,2559,772,1787,1,66,Salta,66028,Capital,536113,137000,-24.891233,-65.271168,1766.2045794395
2018,66035,46277,758,198,6,4,2,3,2,61,6,4,8,16,27,126,52,74,0,66,Salta,66035,Cerrillos,35789,8505,-24.992463,-65.40228,535.07819886189
2018,66042,23879,327,131,3,3,0,1,2,36,2,6,7,9,12,89,27,62,0,66,Salta,66042,Chicoana,20710,4949,-25.145602,-65.604715,1014.793338
2018,66049,53853,876,328,6,2,4,1,1,100,6,11,18,18,47,220,71,149,0,66,Salta,66049,General Güemes,47226,11562,-24.762051,-64.957769,2276.6445736268
2018,66056,180080,3954,965,39,22,17,6,11,353,32,29,62,80,150,556,205,351,1,66,Salta,66056,General José de San Martín,156910,37915,-22.712121,-63.657085,15979.277610612
2018,66063,3283,62,28,1,0,1,0,0,8,2,0,0,2,4,19,3,16,0,66,Salta,66063,Guachipas,3187,906,-25.705207,-65.453713,2703.4190977175
2018,66070,5854,92,25,0,0,0,0,1,13,1,1,3,3,5,11,3,8,0,66,Salta,66070,Iruya,5987,1504,-22.795798,-64.902911,3591.2534216992
2018,66077,10035,160,63,0,0,0,0,0,28,1,5,2,7,13,35,15,20,0,66,Salta,66077,La Caldera,7763,2088,-24.563273,-65.443052,1021.4505057307
2018,66084,6331,92,44,1,1,0,0,0,12,1,0,1,4,6,31,8,23,0,66,Salta,66084,La Candelaria,5704,1469,-26.051685,-65.206749,1461.2706300803
2018,66091,1775,24,5,1,0,1,0,0,3,1,0,0,1,1,1,0,1,0,66,Salta,66091,La Poma,1738,423,-24.177035,-66.216048,4037.5319776807
2018,66098,7993,117,46,0,0,0,0,0,18,1,2,2,3,10,28,10,18,0,66,Salta,66098,La Viña,7435,1869,-25.440848,-65.581844,2079.2220548644
2018,66105,6697,173,37,2,1,1,0,0,16,1,2,7,3,3,19,7,12,0,66,Salta,66105,Los Andes,6050,1250,-24.646343,-67.350037,25741.879001369
2018,66112,43239,686,323,11,8,3,2,0,88,8,9,12,25,34,222,70,152,1,66,Salta,66112,Metán,40351,10128,-25.432387,-64.598778,5190.2157569278
2018,66119,5924,90,33,0,0,0,1,0,8,2,1,1,1,3,24,7,17,0,66,Salta,66119,Molinos,5652,1191,-25.61471,-66.455509,3489.8508828027
2018,66126,158520,3216,921,31,23,8,4,7,372,43,54,69,70,136,507,215,292,1,66,Salta,66126,Orán,138838,31859,-23.489636,-64.152803,11826.25819
2018,66133,34313,1117,192,19,9,10,9,4,67,15,16,6,12,18,93,29,64,0,66,Salta,66133,Rivadavia,30357,7154,-23.52053,-62.82821,26071.405867667
2018,66140,31055,511,198,5,4,1,0,1,48,6,2,3,11,26,144,55,89,0,66,Salta,66140,Rosario de la Frontera,28993,7803,-25.879394,-64.728602,5170.5580596489
2018,66147,44626,799,227,4,3,1,0,3,69,7,7,12,16,27,151,42,109,0,66,Salta,66147,Rosario de Lerma,38702,8968,-24.534301,-65.85031,4918.873077
2018,66154,7106,123,39,1,0,1,0,0,11,2,1,1,2,5,27,4,23,0,66,Salta,66154,San Carlos,7016,1652,-25.822771,-66.149529,5324.3350382125
2018,66161,9996,135,39,1,0,1,1,0,13,1,1,4,3,4,24,4,20,0,66,Salta,66161,Santa Victoria,10344,2545,-22.361294,-64.892225,4110.0784353579
2018,70007,28304,454,161,6,3,3,0,0,51,5,2,7,16,21,104,33,71,1,70,San Juan,70007,Albardón,23888,5863,-31.213864,-68.45353,1035.216064
2018,70014,9013,185,78,3,0,3,1,0,16,4,0,4,4,4,58,18,40,0,70,San Juan,70014,Angaco,8125,2015,-31.192816,-68.125969,2597.8721181043
2018,70021,9363,201,51,2,2,0,1,0,8,0,0,2,2,4,40,14,26,0,70,San Juan,70021,Calingasta,8588,2117,-31.469429,-69.845983,23047.416837455
2018,70028,108306,2319,1154,13,13,0,4,1,189,2,13,23,38,113,947,260,687,1,70,San Juan,70028,Capital,109123,34049,-31.53349,-68.533517,27.425358289169
2018,70035,44598,754,291,10,7,3,2,1,83,6,5,8,21,43,195,71,124,1,70,San Juan,70035,Caucete,38343,9452,-31.513028,-67.543361,7476.7911652654
2018,70042,103159,1653,566,16,13,3,2,6,156,9,18,22,38,69,386,166,220,1,70,San Juan,70042,Chimbas,87258,20846,-31.489078,-68.523304,59.731449793959
2018,70049,11862,138,46,0,0,0,0,1,12,1,3,3,2,3,33,13,20,0,70,San Juan,70049,Iglesia,9099,1753,-29.619638,-69.442324,19225.074601824
2018,70056,23324,360,153,1,0,1,0,1,37,3,4,6,3,21,114,34,80,0,70,San Juan,70056,Jáchal,21730,5365,-30.354954,-68.437519,14326.089399173
2018,70063,11313,219,46,0,0,0,1,1,17,2,0,2,2,11,27,11,16,1,70,San Juan,70063,9 de Julio,9307,2221,-31.644722,-68.388948,149.75568796882
2018,70070,67376,1233,315,18,14,4,2,2,83,4,9,9,26,35,210,79,131,0,70,San Juan,70070,Pocito,53162,13154,-31.745068,-68.584182,571.45403341643
2018,70077,124929,2025,950,18,14,4,3,4,231,14,20,21,61,115,694,223,471,0,70,San Juan,70077,Rawson,114368,29520,-31.686792,-68.466764,288.79547982804
2018,70084,91279,1510,623,12,7,5,1,3,150,10,10,26,33,71,457,156,301,0,70,San Juan,70084,Rivadavia,82641,21910,-31.554047,-68.642378,118.89661346252
2018,70091,12541,222,91,2,1,1,1,0,30,5,3,2,10,10,58,16,42,0,70,San Juan,70091,San Martín,11115,2675,-31.531453,-68.195286,592.96409088539
2018,70098,54091,923,362,10,7,3,0,2,79,5,11,7,15,41,271,83,188,0,70,San Juan,70098,Santa Lucía,48087,12724,-31.530875,-68.462473,53.488448159736
2018,70105,26059,508,130,6,4,2,1,2,29,2,1,3,6,17,92,25,67,0,70,San Juan,70105,Sarmiento,22131,5224,-32.07398,-68.688296,2849.5674808611
2018,70112,5479,103,32,0,0,0,0,0,12,1,1,1,2,7,20,8,12,0,70,San Juan,70112,Ullum,4886,1230,-31.088984,-68.885928,4402.8293139919
2018,70119,7881,114,44,0,0,0,0,0,17,1,2,4,2,8,27,13,14,0,70,San Juan,70119,Valle Fértil,7222,1868,-30.693382,-67.526352,5763.3019855967
2018,70126,19734,439,101,4,3,1,0,3,30,2,2,3,5,18,64,27,37,0,70,San Juan,70126,25 de Mayo,17119,3973,-31.98763,-67.825906,4260.538979
2018,70133,5853,118,35,2,1,1,0,0,7,0,0,1,1,5,26,10,16,0,70,San Juan,70133,Zonda,4863,1196,-31.634106,-68.96234,2485.9530710667
2018,74007,21554,313,171,5,3,2,1,0,47,6,3,10,9,19,118,36,82,1,74,San Luis,74007,Ayacucho,19087,5534,-32.202849,-66.534066,9320.7569732985
2018,74014,4246,64,47,1,1,0,1,0,10,0,0,2,4,4,35,12,23,0,74,San Luis,74014,Belgrano,3985,1294,-32.779432,-66.713012,6839.1808128336
2018,74021,14162,176,111,4,3,1,1,0,39,2,2,6,7,22,67,15,52,0,74,San Luis,74021,Coronel Pringles,13157,4055,-33.175826,-65.919586,4071.3621429348
2018,74028,23309,265,195,2,1,1,0,1,49,3,5,6,9,26,143,40,103,1,74,San Luis,74028,Chacabuco,20744,6417,-32.7374,-65.201875,2785.1867213903
2018,74035,142291,2129,986,19,11,8,7,5,241,21,24,27,53,116,714,223,491,0,74,San Luis,74035,General Pedernera,125899,36992,-33.926868,-65.540127,13933.288277641
2018,74042,12722,176,68,1,1,0,1,0,20,0,2,4,8,6,46,20,26,0,74,San Luis,74042,Gobernador Dupuy,11779,3508,-35.333867,-65.835872,19281.266807042
2018,74049,36559,368,248,1,1,0,1,0,57,1,6,5,15,30,189,53,136,0,74,San Luis,74049,Junín,28933,9033,-32.212167,-65.397175,2360.8144693655
2018,74056,236302,3337,1416,27,18,9,5,7,386,38,41,39,87,181,991,313,678,1,74,San Luis,74056,La Capital,204019,58559,-33.820992,-66.513154,12951.945055728
2018,74063,4484,53,38,0,0,0,0,0,3,0,0,0,0,3,35,10,25,0,74,San Luis,74063,Libertador General San Martín,4707,1530,-32.602947,-65.70536,3516.0071910066
2018,78007,14124,250,59,4,4,0,0,0,24,2,1,7,6,8,31,9,22,0,78,Santa Cruz,78007,Corpen Aike,11093,3481,-49.948131,-69.448407,26265.751862307
2018,78014,140782,2095,608,15,12,3,5,9,232,13,27,44,50,98,347,145,202,0,78,Santa Cruz,78014,Deseado,107630,32187,-47.33253,-68.031349,62970.248541958
2018,78021,134230,1962,743,16,10,6,4,5,216,9,18,34,56,99,502,204,298,2,78,Santa Cruz,78021,Güer Aike,113267,33809,-51.411934,-70.563108,33578.761865608
2018,78028,28245,374,72,0,0,0,0,2,28,2,2,7,11,6,42,18,24,2,78,Santa Cruz,78028,Lago Argentino,18864,5512,-49.840499,-72.070239,38568.404958703
2018,78035,11171,160,48,2,1,1,0,1,17,2,2,2,6,5,28,13,15,0,78,Santa Cruz,78035,Lago Buenos Aires,8750,2571,-46.836707,-70.638883,28718.870584509
2018,78042,11764,162,62,1,1,0,1,1,18,2,0,1,3,12,41,10,31,0,78,Santa Cruz,78042,Magallanes,9202,2807,-48.838632,-68.469252,20348.362476298
2018,78049,7277,70,26,0,0,0,0,1,9,1,0,3,0,5,16,7,9,0,78,Santa Cruz,78049,Río Chico,5158,1429,-48.294652,-71.121726,34038.608770776
2018,82007,50301,641,438,8,5,3,1,0,92,4,7,14,21,46,337,77,260,0,82,Santa Fe,82007,Belgrano,44788,14481,-32.610466,-61.704712,2449.3867984104
2018,82014,88236,987,919,9,8,1,0,6,145,12,9,15,31,78,759,173,586,0,82,Santa Fe,82014,Caseros,82100,27951,-33.221446,-61.532968,3474.5798951751
2018,82021,201008,2605,1482,20,14,6,6,5,308,33,31,37,47,160,1143,285,858,1,82,Santa Fe,82021,Castellanos,178092,56560,-31.23135,-61.657073,6726.2690201793
2018,82028,95006,1131,858,8,7,1,1,1,172,10,13,24,35,90,676,167,509,0,82,Santa Fe,82028,Constitución,86910,27693,-33.484507,-60.880705,3386.1741846493
2018,82035,22954,434,158,4,4,0,0,0,44,7,5,7,14,11,110,40,70,0,82,Santa Fe,82035,Garay,20890,5860,-31.055551,-60.129325,4008.3753114148
2018,82042,208572,2697,1981,14,8,6,4,4,373,32,30,41,87,183,1586,372,1214,0,82,Santa Fe,82042,General López,191024,64397,-33.932901,-61.951153,11368.83886
2018,82049,195540,3150,1228,40,26,14,4,3,338,34,31,48,68,157,843,259,584,2,82,Santa Fe,82049,General Obligado,176410,49969,-28.672362,-59.526442,11046.625589848
2018,82056,71298,934,731,8,6,2,0,1,124,6,4,17,21,76,598,140,458,0,82,Santa Fe,82056,Iriondo,66675,21896,-32.706041,-61.273422,3220.0393609156
2018,82063,573912,8785,4596,72,50,22,13,18,1177,102,106,145,243,581,3316,944,2372,2,82,Santa Fe,82063,La Capital,525093,165133,-31.474027,-60.668553,2969.7711021363
2018,82070,119328,1437,884,8,6,2,1,7,185,12,10,28,41,94,683,155,528,2,82,Santa Fe,82070,Las Colonias,104946,34327,-31.315302,-61.109435,6301.3723794845
2018,82077,32942,524,220,3,2,1,2,2,65,2,12,5,20,26,148,61,87,0,82,Santa Fe,82077,9 de Julio,29832,8744,-28.848831,-61.397954,17332.054526498
2018,82084,1277164,19523,11352,161,109,52,35,32,2427,201,235,331,511,1149,8697,2205,6492,4,82,Santa Fe,82084,Rosario,1193605,392533,-33.129294,-60.709189,1838.6491989304
2018,82091,75833,1038,560,5,5,0,3,1,129,14,8,17,35,55,422,135,287,0,82,Santa Fe,82091,San Cristóbal,68878,21776,-30.230597,-61.363354,14745.577449776
2018,82098,33588,559,236,5,2,3,0,0,73,8,3,9,18,35,158,51,107,0,82,Santa Fe,82098,San Javier,30959,9103,-30.104741,-59.897327,6716.4346431748
2018,82105,88492,1175,823,15,10,5,4,3,169,16,15,20,26,92,632,159,473,0,82,Santa Fe,82105,San Jerónimo,80840,25662,-32.153368,-61.048053,4437.1876023382
2018,82112,43608,640,380,8,5,3,1,0,78,4,3,4,25,42,293,65,228,1,82,Santa Fe,82112,San Justo,40904,13113,-30.53041,-60.488665,5612.5250077568
2018,82119,179564,2891,1407,22,14,8,8,3,335,33,34,44,80,144,1039,322,717,0,82,Santa Fe,82119,San Lorenzo,157255,48350,-32.944783,-60.963557,2003.4954275843
2018,82126,69694,874,657,1,0,1,5,0,143,19,14,14,28,68,508,130,378,0,82,Santa Fe,82126,San Martín,63842,21473,-32.012282,-61.808251,4929.8443409216
2018,82133,54474,1014,413,12,8,4,3,1,105,14,6,9,26,50,292,102,190,1,82,Santa Fe,82133,Vera,51494,14756,-28.971078,-60.413323,20701.470467857
2018,86007,8329,129,48,1,0,1,0,0,12,1,2,1,4,4,35,15,20,0,86,Santiago del Estero,86007,Aguirre,7610,2087,-29.289486,-62.510543,3901.7189998694
2018,86014,19266,199,35,5,1,4,0,0,12,0,2,1,3,6,18,5,13,0,86,Santiago del Estero,86014,Alberdi,17252,3980,-26.539862,-62.730954,12924.109450237
2018,86021,12286,35,59,1,0,1,0,0,9,0,0,1,2,6,49,17,32,0,86,Santiago del Estero,86021,Atamisqui,10923,2520,-28.684508,-63.869749,2487.820452
2018,86028,22536,168,124,2,1,1,1,2,45,1,4,7,11,22,74,27,47,1,86,Santiago del Estero,86028,Avellaneda,20763,4897,-28.54682,-63.205598,3773.5890225309
2018,86035,159233,3175,992,16,8,8,6,4,289,17,29,43,59,141,677,248,429,3,86,Santiago del Estero,86035,Banda,142279,35244,-27.450361,-64.180872,3711.4377287152
2018,86042,10763,185,52,2,2,0,0,0,18,0,1,2,6,9,32,13,19,0,86,Santiago del Estero,86042,Belgrano,9243,2473,-29.083613,-62.21859,3250.1835478124
2018,86049,292124,5042,2417,69,47,22,7,17,741,76,76,120,153,316,1583,537,1046,10,86,Santiago del Estero,86049,Capital,267125,68793,-27.88744,-64.432915,2130.5108617718
2018,86056,36692,709,153,5,1,4,1,4,49,4,8,10,9,18,94,41,53,2,86,Santiago del Estero,86056,Copo,31404,7522,-25.947886,-62.739566,13497.431123751
2018,86063,36182,580,290,4,2,2,1,2,71,5,8,6,13,39,212,97,115,0,86,Santiago del Estero,86063,Choya,34667,9465,-28.620453,-64.744552,4525.0238379782
2018,86070,18422,348,86,2,1,1,0,2,20,0,4,2,8,6,62,15,47,1,86,Santiago del Estero,86070,Figueroa,17820,4084,-27.314496,-63.565643,6453.0687920279
2018,86077,40098,876,283,16,11,5,0,3,84,9,5,11,14,45,180,60,120,1,86,Santiago del Estero,86077,General Taboada,38105,9073,-28.57072,-62.341362,6199.7919728623
2018,86084,7908,80,43,0,0,0,1,0,18,6,1,0,4,7,24,7,17,0,86,Santiago del Estero,86084,Guasayán,7602,1950,-27.97229,-64.873948,2707.0952459472
2018,86091,15798,226,66,2,1,1,1,0,21,3,3,1,1,13,42,18,24,0,86,Santiago del Estero,86091,Jiménez,14352,3586,-26.904178,-64.274407,5764.6153813029
2018,86098,19435,370,90,3,2,1,1,0,24,2,2,5,4,11,62,25,37,0,86,Santiago del Estero,86098,Juan F. Ibarra,18051,4180,-28.038248,-62.546118,9212.3773501024
2018,86105,23060,387,120,2,0,2,0,1,33,4,3,4,4,18,84,26,58,1,86,Santiago del Estero,86105,Loreto,20036,4782,-28.607068,-64.308398,3091.7508898175
2018,86112,2002,15,8,0,0,0,0,0,4,0,0,0,3,1,4,1,3,0,86,Santiago del Estero,86112,Mitre,1890,536,-29.582078,-62.732874,3373.318442
2018,86119,36924,777,163,9,5,4,4,0,44,5,6,6,11,16,106,41,65,0,86,Santiago del Estero,86119,Moreno,32130,7467,-27.308438,-62.464501,16296.359415942
2018,86126,14892,275,82,1,0,1,0,0,29,2,2,2,7,16,52,20,32,0,86,Santiago del Estero,86126,Ojo de Agua,14008,3784,-29.301211,-63.99306,6446.2974987844
2018,86133,21857,426,78,2,1,1,0,2,24,4,3,3,5,9,50,16,34,0,86,Santiago del Estero,86133,Pellegrini,20514,5296,-26.213152,-64.093987,6931.0799964648
2018,86140,10258,153,66,2,2,0,1,1,19,1,0,2,6,10,43,11,32,0,86,Santiago del Estero,86140,Quebrachos,10568,2807,-29.371983,-63.351946,3770.6163188345
2018,86147,59958,1139,421,15,9,6,2,2,115,9,8,16,34,48,287,93,194,2,86,Santiago del Estero,86147,Río Hondo,54867,13567,-27.481182,-64.756553,1984.3944491023
2018,86154,5197,76,22,2,0,2,1,0,4,0,0,1,3,0,15,8,7,0,86,Santiago del Estero,86154,Rivadavia,5015,1468,-29.984298,-62.285117,3156.1612172302
2018,86161,49655,763,264,10,8,2,0,0,75,12,6,11,12,34,179,57,122,0,86,Santiago del Estero,86161,Robles,44415,10609,-27.849953,-63.908161,1354.7717708588
2018,86168,11957,137,50,0,0,0,0,1,8,1,0,1,0,6,41,11,30,0,86,Santiago del Estero,86168,Salavina,11217,2718,-28.923083,-63.298275,3120.5590739264
2018,86175,10710,118,39,0,0,0,0,2,15,2,1,1,3,8,22,5,17,0,86,Santiago del Estero,86175,San Martín,9831,2261,-28.18646,-63.856429,1826.6484612206
2018,86182,4751,86,23,2,2,0,0,0,9,0,2,1,1,5,12,4,8,1,86,Santiago del Estero,86182,Sarmiento,4607,1057,-28.093428,-63.455241,1627.346271
2018,86189,7958,114,28,0,0,0,0,1,11,1,2,0,2,6,16,3,13,0,86,Santiago del Estero,86189,Silípica,7712,1819,-28.183472,-64.276197,1138.986417
2018,90007,43802,769,258,7,6,1,0,1,78,8,10,15,19,26,172,64,108,0,90,Tucumán,90007,Burruyacú,36951,8807,-26.524139,-64.822008,3669.9071099911
2018,90014,213080,4147,1267,45,30,15,5,5,459,41,43,60,104,211,753,295,458,0,90,Tucumán,90014,Cruz Alta,180499,42757,-26.916411,-64.978985,1187.4321395434
2018,90021,92223,1477,610,20,15,5,1,2,172,12,11,30,26,93,415,133,282,1,90,Tucumán,90021,Chicligasta,80735,19864,-27.273186,-65.805093,1281.7781117041
2018,90028,40857,771,216,6,5,1,1,1,69,7,11,10,10,31,139,51,88,0,90,Tucumán,90028,Famaillá,34542,8019,-26.978143,-65.470619,436.35916868679
2018,90035,14941,259,104,2,1,1,0,0,29,2,2,5,10,10,73,27,46,0,90,Tucumán,90035,Graneros,13551,3481,-27.712242,-65.253228,1724.5057414072
2018,90042,34474,530,216,7,6,1,2,1,71,6,6,13,16,30,135,41,94,0,90,Tucumán,90042,Juan B. Alberdi,30237,7554,-27.611312,-65.781966,710.72297156612
2018,90049,21697,365,116,5,4,1,2,2,29,5,1,9,4,10,78,24,54,0,90,Tucumán,90049,La Cocha,19002,4607,-27.79337,-65.597762,928.10896583036
2018,90056,61703,979,405,16,14,2,3,2,112,8,9,12,32,51,272,84,188,0,90,Tucumán,90056,Leales,54949,13663,-27.190949,-65.086324,2003.5236526477
2018,90063,85852,1239,415,10,8,2,2,4,125,12,12,17,24,60,274,89,185,0,90,Tucumán,90063,Lules,68474,16361,-26.864387,-65.420234,552.50613883499
2018,90070,73402,1125,517,9,6,3,0,2,143,13,8,30,32,60,363,134,229,1,90,Tucumán,90070,Monteros,63641,15944,-27.107772,-65.6422,1227.6562132466
2018,90077,64950,1091,459,13,9,4,3,3,133,18,10,17,28,60,307,100,207,0,90,Tucumán,90077,Río Chico,56847,14088,-27.456131,-65.756467,646.64861960369
2018,90084,597822,9826,4719,126,92,34,9,15,1178,136,117,155,232,538,3391,999,2392,1,90,Tucumán,90084,Capital,548866,148773,-26.833202,-65.217462,90.134785022581
2018,90091,33865,523,211,5,5,0,1,3,53,5,6,8,7,27,149,41,108,1,90,Tucumán,90091,Simoca,30876,7875,-27.424738,-65.290332,1319.7114048143
2018,90098,17082,206,105,2,2,0,1,2,34,3,5,4,7,15,66,17,49,0,90,Tucumán,90098,Tafí del Valle,14933,3972,-26.600241,-65.882331,2785.134394
2018,90105,145174,2761,825,19,11,8,1,9,267,28,30,31,52,126,529,180,349,0,90,Tucumán,90105,Tafí Viejo,121638,29772,-26.661462,-65.445837,1139.0787124536
2018,90112,20679,374,122,3,3,0,1,2,43,6,7,6,8,16,73,22,51,1,90,Tucumán,90112,Trancas,17371,4441,-26.341251,-65.405006,3068.1402915144
2018,90119,92785,1386,456,12,12,0,1,4,157,12,10,36,30,69,282,95,187,0,90,Tucumán,90119,Yerba Buena,75076,18560,-26.790168,-65.345314,149.16414754969
2018,94007,91133,1586,358,17,12,5,4,3,138,12,18,16,27,65,196,79,117,1,94,"Tierra del Fuego, Antártida e Islas del Atlántico Sur",94007,Río Grande,70042,21410,-54.028449,-67.898773,11767.49078
2018,94014,73541,1086,233,3,2,1,1,3,112,5,10,9,32,56,114,53,61,0,94,"Tierra del Fuego, Antártida e Islas del Atlántico Sur",94014,Ushuaia,56956,17538,-54.749223,-66.735891,8910.1852388051
